,111,112,113,115,116,117,118,119,121,122,124,125,211,212,213,214,215,221,222,223,231,241,242,243,244,245,246,247,311,312,313,321,323,331,341,342,344,351,352,353,354,355,356,411,412,413,415,416,421,511,521,522,523,524,525,531,532,533,541,542,543,544,612,613,614,621,622,623,624,711,712,713,721,722,811,812,813,814,821,822,823,911,912,913,921,923,924,925,926,927
111,0.5502916755,0.013627524984848,0.095392674893939,0.013627524984848,0.0,0.0,0.0,0.0,0.0,0.0,0.0,0.08176514990909,0.0,0.0,0.013627524984848,0.0,0.0,0.0,0.0,0.0,0.013627524984848,0.0,0.06813762492424201,0.0,0.0,0.0,0.0,0.027255049969696,0.013627524984848,0.0,0.0,0.0,0.0,0.0,0.0,0.0,0.0,0.0,0.0,0.013627524984848,0.013627524984848,0.0,0.013627524984848,0.0,0.0,0.0,0.027255049969696,0.013627524984848,0.0,0.0,0.0,0.0,0.0,0.0,0.0,0.0,0.0,0.0,0.0,0.0,0.0,0.0,0.0,0.0,0.0,0.0,0.0,0.0,0.0,0.0,0.0,0.0,0.0,0.0,0.0,0.0,0.0,0.0,0.013627524984848,0.0,0.013627524984848,0.0,0.0,0.0,0.0,0.0,0.0,0.0,0.0,0.0
112,0.006049887773542001,0.5502916755,0.034282697383408,0.002016629257847,0.00806651703139,0.0,0.0,0.012099775547085,0.0,0.0,0.0,0.098814833634529,0.0,0.014116404804932,0.014116404804932,0.0,0.006049887773542001,0.0,0.0,0.0,0.002016629257847,0.0,0.026216180352017,0.010083146289237,0.002016629257847,0.0,0.006049887773542001,0.0,0.012099775547085,0.002016629257847,0.002016629257847,0.0,0.0,0.002016629257847,0.002016629257847,0.0,0.0,0.0,0.0,0.022182921836322003,0.028232809609865003,0.0,0.00806651703139,0.0,0.004033258515695,0.0,0.0,0.006049887773542001,0.002016629257847,0.0,0.004033258515695,0.010083146289237,0.002016629257847,0.010083146289237,0.004033258515695,0.034282697383408,0.0,0.006049887773542001,0.0,0.006049887773542001,0.0,0.002016629257847,0.002016629257847,0.0,0.0,0.0,0.0,0.002016629257847,0.0,0.0,0.0,0.0,0.002016629257847,0.004033258515695,0.010083146289237,0.002016629257847,0.004033258515695,0.004033258515695,0.004033258515695,0.0,0.002016629257847,0.0,0.0,0.0,0.0,0.002016629257847,0.0,0.0,0.0,0.0
113,0.008648237009615001,0.015134414766826,0.5502916755,0.002162059252403,0.005405148131009001,0.0,0.008648237009615001,0.002162059252403,0.0010810296262010002,0.002162059252403,0.002162059252403,0.07675310346033601,0.0,0.0032430888786050003,0.012972355514423,0.0010810296262010002,0.0010810296262010002,0.0032430888786050003,0.002162059252403,0.0032430888786050003,0.012972355514423,0.002162059252403,0.041079125795673,0.0010810296262010002,0.0010810296262010002,0.0,0.002162059252403,0.002162059252403,0.004324118504807,0.0,0.0010810296262010002,0.0,0.006486177757211001,0.0,0.005405148131009001,0.0,0.0010810296262010002,0.0010810296262010002,0.0010810296262010002,0.045403244300480004,0.042160155421875005,0.0,0.031349859159855005,0.0032430888786050003,0.017296474019230002,0.0032430888786050003,0.008648237009615001,0.006486177757211001,0.004324118504807,0.0,0.0,0.0,0.0,0.0,0.0,0.0032430888786050003,0.0,0.0,0.0,0.0010810296262010002,0.0010810296262010002,0.0,0.002162059252403,0.0010810296262010002,0.004324118504807,0.002162059252403,0.0010810296262010002,0.0,0.0,0.007567207383413,0.005405148131009001,0.0,0.006486177757211001,0.005405148131009001,0.0,0.0,0.0010810296262010002,0.0010810296262010002,0.0032430888786050003,0.0,0.0,0.0,0.0,0.0,0.0,0.0010810296262010002,0.0,0.0010810296262010002,0.0032430888786050003,0.0010810296262010002
115,0.0,0.0,0.06697783556382901,0.5502916755,0.0,0.0,0.0,0.009568262223404001,0.0,0.0,0.0,0.038273048893617004,0.0,0.0,0.019136524446808002,0.0,0.0,0.0,0.0,0.0,0.009568262223404001,0.019136524446808002,0.038273048893617004,0.0,0.0,0.0,0.009568262223404001,0.0,0.0,0.0,0.0,0.0,0.0,0.0,0.0,0.0,0.0,0.0,0.0,0.07654609778723401,0.038273048893617004,0.0,0.019136524446808002,0.009568262223404001,0.019136524446808002,0.009568262223404001,0.019136524446808002,0.009568262223404001,0.0,0.0,0.0,0.0,0.0,0.0,0.0,0.0,0.0,0.0,0.0,0.0,0.0,0.0,0.0,0.0,0.0,0.009568262223404001,0.0,0.0,0.0,0.0,0.0,0.0,0.009568262223404001,0.009568262223404001,0.0,0.0,0.0,0.0,0.0,0.0,0.009568262223404001,0.0,0.0,0.0,0.0,0.0,0.0,0.0,0.0,0.0
116,0.0,0.012848809271428,0.034263491390476006,0.0,0.5502916755,0.0,0.0,0.021414682119047002,0.0,0.0,0.0,0.051395237085714,0.0,0.0,0.004282936423809,0.0,0.0,0.008565872847619001,0.0,0.0,0.0,0.0,0.025697618542857,0.004282936423809,0.0,0.0,0.0,0.0,0.0,0.0,0.004282936423809,0.0,0.0,0.0,0.004282936423809,0.0,0.0,0.0,0.0,0.012848809271428,0.012848809271428,0.0,0.008565872847619001,0.0,0.004282936423809,0.034263491390476006,0.012848809271428,0.012848809271428,0.0,0.004282936423809,0.0,0.0,0.0,0.0,0.0,0.0,0.0,0.0,0.0,0.0,0.0,0.004282936423809,0.008565872847619001,0.0,0.0,0.0,0.0,0.008565872847619001,0.0,0.004282936423809,0.0,0.017131745695238003,0.008565872847619001,0.004282936423809,0.0,0.0,0.0,0.004282936423809,0.055678173509523005,0.0,0.0,0.0,0.0,0.004282936423809,0.0,0.008565872847619001,0.0,0.0,0.042829364238095004,0.004282936423809
117,0.0,0.0,0.040882574954545,0.0,0.020441287477272002,0.5502916755,0.0,0.0,0.0,0.0,0.0,0.020441287477272002,0.0,0.0,0.0,0.0,0.0,0.0,0.0,0.0,0.0,0.0,0.040882574954545,0.020441287477272002,0.0,0.0,0.0,0.0,0.0,0.0,0.0,0.0,0.0,0.18397158729545401,0.0,0.0,0.0,0.0,0.0,0.0,0.0,0.0,0.040882574954545,0.020441287477272002,0.020441287477272002,0.0,0.0,0.0,0.0,0.0,0.0,0.0,0.020441287477272002,0.0,0.0,0.0,0.0,0.0,0.0,0.0,0.0,0.0,0.0,0.0,0.0,0.0,0.0,0.0,0.0,0.0,0.0,0.0,0.0,0.0,0.0,0.0,0.0,0.0,0.020441287477272002,0.0,0.0,0.0,0.0,0.0,0.0,0.0,0.0,0.0,0.0,0.0
118,0.0,0.0,0.05059218650625,0.0,0.0,0.0,0.5502916755,0.0,0.0,0.0,0.0337281243375,0.08994166490000001,0.00562135405625,0.0,0.0,0.0,0.011242708112500001,0.00562135405625,0.01686406216875,0.02810677028125,0.011242708112500001,0.00562135405625,0.022485416225,0.0,0.02810677028125,0.0,0.01686406216875,0.0,0.0,0.0,0.0,0.0,0.022485416225,0.0,0.00562135405625,0.0,0.0,0.0,0.0,0.01686406216875,0.0,0.0,0.022485416225,0.00562135405625,0.00562135405625,0.0,0.00562135405625,0.00562135405625,0.0,0.0,0.0,0.0,0.0,0.0,0.0,0.0,0.0,0.0,0.0,0.0,0.0,0.0,0.00562135405625,0.0,0.01686406216875,0.0,0.0,0.0,0.0,0.00562135405625,0.0,0.0,0.0,0.0,0.0,0.0,0.0,0.0,0.0,0.0,0.0,0.0,0.0,0.0,0.0,0.0,0.0,0.0,0.00562135405625,0.0
119,0.0,0.012220334904891002,0.024440669809782004,0.002444066980978,0.002444066980978,0.0,0.0,0.5502916755,0.0,0.0073322009429340005,0.0,0.087986411315217,0.0,0.0,0.002444066980978,0.002444066980978,0.002444066980978,0.002444066980978,0.0,0.0,0.002444066980978,0.0,0.004888133961956,0.0,0.0,0.0,0.0,0.004888133961956,0.002444066980978,0.0,0.0,0.0,0.0,0.004888133961956,0.0,0.0,0.0,0.002444066980978,0.0,0.0073322009429340005,0.031772870752717,0.0,0.017108468866847002,0.0,0.012220334904891002,0.002444066980978,0.014664401885869002,0.002444066980978,0.004888133961956,0.0073322009429340005,0.0,0.0,0.0,0.002444066980978,0.0,0.0,0.002444066980978,0.002444066980978,0.0,0.0,0.004888133961956,0.002444066980978,0.004888133961956,0.002444066980978,0.009776267923913002,0.0,0.0,0.002444066980978,0.0,0.043993205657608,0.009776267923913002,0.024440669809782004,0.019552535847826003,0.004888133961956,0.004888133961956,0.002444066980978,0.0,0.0,0.0073322009429340005,0.0,0.0,0.0,0.0,0.0,0.0,0.004888133961956,0.004888133961956,0.0,0.0073322009429340005,0.012220334904891002
121,0.0,0.037475693708333,0.018737846854166,0.0,0.0,0.0,0.0,0.0,0.5502916755,0.0,0.0,0.093689234270833,0.0,0.0,0.0,0.0,0.0,0.0,0.0,0.0,0.0,0.0,0.0,0.0,0.0,0.0,0.0,0.0,0.0,0.0,0.0,0.0,0.0,0.0,0.0,0.0,0.0,0.0,0.0,0.0,0.0,0.0,0.0,0.0,0.0,0.0,0.0,0.0,0.0,0.20611631539583303,0.0,0.0,0.0,0.0,0.0,0.0,0.0,0.0,0.0,0.0,0.0,0.0,0.0,0.037475693708333,0.0,0.0,0.0,0.0,0.0,0.0,0.0,0.0,0.018737846854166,0.0,0.0,0.0,0.0,0.0,0.018737846854166,0.0,0.0,0.0,0.0,0.0,0.0,0.0,0.0,0.0,0.0,0.018737846854166
122,0.005229166563953,0.002614583281976,0.018302082973837,0.0,0.0,0.0,0.0,0.010458333127906,0.0,0.5502916755,0.0,0.067979165331395,0.0,0.0,0.00784374984593,0.0,0.0,0.0,0.0,0.002614583281976,0.005229166563953,0.0,0.0,0.002614583281976,0.002614583281976,0.0,0.0,0.002614583281976,0.0,0.0,0.005229166563953,0.0,0.005229166563953,0.0,0.002614583281976,0.0,0.01568749969186,0.0,0.0,0.010458333127906,0.018302082973837,0.0,0.005229166563953,0.0,0.005229166563953,0.00784374984593,0.010458333127906,0.005229166563953,0.013072916409883001,0.0,0.0,0.0,0.005229166563953,0.0,0.0,0.005229166563953,0.0,0.0,0.0,0.0,0.036604165947674,0.002614583281976,0.0,0.002614583281976,0.018302082973837,0.010458333127906,0.0,0.005229166563953,0.002614583281976,0.026145832819767,0.0,0.002614583281976,0.010458333127906,0.005229166563953,0.0,0.005229166563953,0.0,0.002614583281976,0.01568749969186,0.0,0.002614583281976,0.0,0.0,0.0,0.002614583281976,0.005229166563953,0.005229166563953,0.0,0.0,0.044447915793604006
124,0.008648237009615001,0.017296474019230002,0.051889422057692,0.0,0.0,0.0,0.025944711028846,0.008648237009615001,0.0,0.0,0.5502916755,0.06053765906730701,0.0,0.0,0.0,0.0,0.017296474019230002,0.0,0.0,0.025944711028846,0.008648237009615001,0.0,0.008648237009615001,0.0,0.0,0.0,0.008648237009615001,0.0,0.008648237009615001,0.0,0.0,0.0,0.0,0.0,0.0,0.0,0.0,0.0,0.0,0.0,0.008648237009615001,0.0,0.0,0.0,0.0,0.0,0.008648237009615001,0.008648237009615001,0.0,0.0,0.0,0.0,0.0,0.0,0.0,0.0,0.0,0.0,0.0,0.0,0.008648237009615001,0.0,0.0,0.0,0.14702002916346102,0.0,0.0,0.008648237009615001,0.0,0.0,0.0,0.0,0.0,0.0,0.0,0.0,0.0,0.0,0.0,0.0,0.0,0.0,0.0,0.0,0.0,0.008648237009615001,0.0,0.0,0.0,0.0
125,0.003876795900862,0.022485416225,0.039543318188793,0.000775359180172,0.010855028522413001,0.0,0.001550718360344,0.018608620324137,0.000775359180172,0.012405746882758,0.003101436720689,0.5502916755,0.0,0.003876795900862,0.006978232621551001,0.0,0.000775359180172,0.0023260775405170003,0.0,0.001550718360344,0.006202873441379,0.000775359180172,0.012405746882758,0.006978232621551001,0.001550718360344,0.001550718360344,0.006978232621551001,0.0023260775405170003,0.000775359180172,0.001550718360344,0.003101436720689,0.0,0.010855028522413001,0.001550718360344,0.003876795900862,0.0023260775405170003,0.0,0.0,0.000775359180172,0.016282542783620003,0.029463648846551,0.0,0.013181106062931,0.0023260775405170003,0.010079669342241,0.006978232621551001,0.013956465243103,0.000775359180172,0.007753591801724,0.003876795900862,0.0,0.003876795900862,0.003101436720689,0.006202873441379,0.0023260775405170003,0.011630387702586,0.0046521550810340005,0.0,0.0,0.0,0.005427514261206,0.003101436720689,0.005427514261206,0.0,0.008528950981896,0.003101436720689,0.001550718360344,0.001550718360344,0.001550718360344,0.020934697864655002,0.008528950981896,0.003101436720689,0.011630387702586,0.003101436720689,0.000775359180172,0.0023260775405170003,0.001550718360344,0.0023260775405170003,0.010079669342241,0.0023260775405170003,0.0,0.000775359180172,0.001550718360344,0.000775359180172,0.000775359180172,0.003101436720689,0.0023260775405170003,0.001550718360344,0.0046521550810340005,0.007753591801724
211,0.0,0.005996110993333001,0.0,0.0,0.0,0.0,0.0,0.0,0.0,0.0,0.0,0.0,0.5502916755,0.011992221986666001,0.011992221986666001,0.0,0.011992221986666001,0.03597666596,0.005996110993333001,0.01798833298,0.047968887946666004,0.005996110993333001,0.08394555390666601,0.0,0.0,0.0,0.023984443973333002,0.0,0.01798833298,0.0,0.005996110993333001,0.005996110993333001,0.0,0.0,0.0,0.0,0.005996110993333001,0.0,0.0,0.029980554966666004,0.023984443973333002,0.005996110993333001,0.005996110993333001,0.0,0.0,0.011992221986666001,0.005996110993333001,0.0,0.005996110993333001,0.0,0.0,0.0,0.0,0.0,0.0,0.0,0.0,0.0,0.0,0.0,0.005996110993333001,0.0,0.005996110993333001,0.0,0.01798833298,0.0,0.0,0.0,0.0,0.005996110993333001,0.0,0.0,0.005996110993333001,0.0,0.0,0.005996110993333001,0.0,0.0,0.0,0.0,0.0,0.0,0.0,0.0,0.0,0.0,0.0,0.0,0.005996110993333001,0.005996110993333001
212,0.0,0.036087705052469006,0.005551954623456001,0.0,0.0,0.0,0.0,0.0,0.0,0.0,0.0,0.022207818493827,0.0027759773117280004,0.5502916755,0.030535750429012003,0.0,0.005551954623456001,0.0,0.0,0.0,0.005551954623456001,0.0,0.044415636987654,0.005551954623456001,0.0,0.0,0.013879886558641,0.0,0.030535750429012003,0.011103909246913,0.005551954623456001,0.0,0.0,0.005551954623456001,0.0,0.008327931935185,0.0,0.0,0.0,0.0027759773117280004,0.019431841182098,0.0,0.011103909246913,0.0,0.0,0.011103909246913,0.0027759773117280004,0.0,0.0,0.0,0.005551954623456001,0.038863682364197,0.011103909246913,0.027759773117283,0.0027759773117280004,0.01665586387037,0.0,0.0027759773117280004,0.0,0.0,0.0027759773117280004,0.0,0.0,0.0027759773117280004,0.0027759773117280004,0.005551954623456001,0.0,0.0,0.0,0.0027759773117280004,0.0,0.0,0.0027759773117280004,0.0,0.005551954623456001,0.011103909246913,0.008327931935185,0.0027759773117280004,0.005551954623456001,0.0,0.0,0.0027759773117280004,0.0,0.005551954623456001,0.0,0.0,0.0,0.0,0.0,0.0027759773117280004
213,0.0030801940034240003,0.012320776013698001,0.033882134037671,0.0015400970017120002,0.0,0.0,0.0015400970017120002,0.0030801940034240003,0.0015400970017120002,0.0046202910051360005,0.0,0.035422231039383,0.0,0.018481164020547003,0.5502916755,0.0,0.0046202910051360005,0.0015400970017120002,0.0030801940034240003,0.0,0.009240582010273,0.0,0.06468407407191701,0.006160388006849001,0.0,0.0,0.0046202910051360005,0.0030801940034240003,0.009240582010273,0.0030801940034240003,0.046202910051369006,0.0030801940034240003,0.0015400970017120002,0.0015400970017120002,0.010780679011986,0.006160388006849001,0.0030801940034240003,0.0,0.0,0.030801940034246002,0.024641552027397002,0.0,0.009240582010273,0.0030801940034240003,0.0046202910051360005,0.0030801940034240003,0.006160388006849001,0.007700485008561001,0.0030801940034240003,0.0,0.0,0.0030801940034240003,0.0,0.01386087301541,0.0,0.0030801940034240003,0.0,0.0,0.0,0.0,0.0,0.0,0.0015400970017120002,0.0,0.0030801940034240003,0.0015400970017120002,0.0,0.0,0.0,0.0046202910051360005,0.0015400970017120002,0.0,0.0046202910051360005,0.0015400970017120002,0.0046202910051360005,0.0046202910051360005,0.0,0.0,0.0015400970017120002,0.0,0.0015400970017120002,0.0,0.0,0.0,0.0,0.0015400970017120002,0.0,0.0,0.0015400970017120002,0.006160388006849001
214,0.0,0.047337718368421,0.023668859184210002,0.0,0.0,0.023668859184210002,0.0,0.0,0.0,0.0,0.0,0.023668859184210002,0.07100657755263101,0.023668859184210002,0.0,0.5502916755,0.0,0.0,0.0,0.0,0.0,0.0,0.047337718368421,0.0,0.0,0.0,0.0,0.0,0.0,0.0,0.0,0.0,0.0,0.0,0.0,0.0,0.0,0.0,0.0,0.023668859184210002,0.023668859184210002,0.023668859184210002,0.07100657755263101,0.0,0.0,0.0,0.0,0.0,0.0,0.0,0.0,0.0,0.0,0.0,0.0,0.0,0.0,0.0,0.0,0.0,0.0,0.0,0.023668859184210002,0.0,0.023668859184210002,0.0,0.0,0.0,0.0,0.0,0.0,0.0,0.0,0.0,0.0,0.0,0.0,0.0,0.0,0.0,0.0,0.0,0.0,0.0,0.0,0.0,0.0,0.0,0.0,0.0
215,0.0,0.035503288776315,0.14201315510526302,0.0,0.0,0.0,0.0,0.0,0.0,0.0,0.0,0.011834429592105001,0.023668859184210002,0.047337718368421,0.023668859184210002,0.0,0.5502916755,0.011834429592105001,0.0,0.0,0.0,0.0,0.05917214796052601,0.0,0.011834429592105001,0.0,0.011834429592105001,0.0,0.0,0.0,0.0,0.0,0.0,0.0,0.0,0.011834429592105001,0.0,0.0,0.0,0.011834429592105001,0.023668859184210002,0.0,0.011834429592105001,0.0,0.0,0.0,0.0,0.0,0.0,0.0,0.0,0.0,0.0,0.0,0.0,0.0,0.0,0.0,0.0,0.0,0.0,0.0,0.0,0.0,0.0,0.0,0.0,0.0,0.0,0.0,0.0,0.0,0.0,0.0,0.0,0.0,0.0,0.0,0.0,0.0,0.0,0.0,0.0,0.011834429592105001,0.0,0.0,0.0,0.0,0.0,0.0
221,0.0,0.0,0.011385020873417001,0.0,0.005692510436708,0.0,0.005692510436708,0.017077531310126,0.0,0.005692510436708,0.005692510436708,0.011385020873417001,0.022770041746835,0.0,0.005692510436708,0.0,0.005692510436708,0.5502916755,0.034155062620253,0.051232593930379,0.034155062620253,0.0,0.017077531310126,0.0,0.0,0.0,0.0,0.0,0.0,0.0,0.0,0.022770041746835,0.017077531310126,0.0,0.011385020873417001,0.0,0.0,0.0,0.0,0.0,0.005692510436708,0.0,0.005692510436708,0.0,0.028462552183544,0.011385020873417001,0.011385020873417001,0.0,0.005692510436708,0.0,0.0,0.0,0.0,0.0,0.0,0.0,0.0,0.0,0.0,0.0,0.005692510436708,0.0,0.0,0.0,0.028462552183544,0.0,0.0,0.0,0.0,0.039847573056962,0.0,0.0,0.005692510436708,0.0,0.005692510436708,0.0,0.0,0.0,0.0,0.0,0.0,0.0,0.0,0.0,0.005692510436708,0.005692510436708,0.0,0.0,0.0,0.0
222,0.0,0.0,0.01665586387037,0.0,0.0,0.0,0.03331172774074,0.0,0.0,0.0,0.0,0.01665586387037,0.0,0.0,0.0,0.0,0.0,0.03331172774074,0.5502916755,0.0,0.03331172774074,0.0,0.01665586387037,0.0,0.0,0.0,0.0,0.0,0.01665586387037,0.0,0.0,0.066623455481481,0.01665586387037,0.0,0.0,0.01665586387037,0.0,0.0,0.0,0.01665586387037,0.0,0.0,0.03331172774074,0.0,0.01665586387037,0.0,0.01665586387037,0.0,0.01665586387037,0.0,0.0,0.0,0.0,0.0,0.0,0.0,0.0,0.0,0.0,0.0,0.0,0.0,0.0,0.0,0.03331172774074,0.01665586387037,0.0,0.01665586387037,0.0,0.01665586387037,0.0,0.0,0.0,0.0,0.0,0.0,0.0,0.0,0.0,0.0,0.0,0.0,0.0,0.0,0.0,0.0,0.0,0.0,0.0,0.0
223,0.0,0.0,0.004888133961956,0.0,0.0,0.0,0.039105071695652006,0.0,0.0,0.0,0.014664401885869002,0.029328803771739003,0.009776267923913002,0.0,0.004888133961956,0.0,0.0,0.029328803771739003,0.009776267923913002,0.5502916755,0.009776267923913002,0.0,0.014664401885869002,0.0,0.009776267923913002,0.0,0.004888133961956,0.0,0.0,0.0,0.0,0.009776267923913002,0.024440669809782004,0.004888133961956,0.0,0.0,0.0,0.0,0.0,0.0,0.004888133961956,0.0,0.019552535847826003,0.0,0.0,0.009776267923913002,0.009776267923913002,0.0,0.004888133961956,0.0,0.0,0.0,0.0,0.0,0.0,0.0,0.0,0.0,0.0,0.0,0.0,0.0,0.024440669809782004,0.004888133961956,0.12220334904891302,0.004888133961956,0.004888133961956,0.0,0.0,0.009776267923913002,0.004888133961956,0.0,0.0,0.0,0.0,0.0,0.0,0.0,0.0,0.0,0.0,0.0,0.0,0.0,0.0,0.004888133961956,0.0,0.0,0.0,0.0
231,0.003686133807377,0.002457422538251,0.017201957767759003,0.0,0.0,0.0,0.001228711269125,0.002457422538251,0.0,0.002457422538251,0.0,0.019659380306010003,0.004914845076502,0.002457422538251,0.006143556345628001,0.0,0.0,0.011058401422131001,0.002457422538251,0.007372267614754,0.5502916755,0.002457422538251,0.020888091575136002,0.001228711269125,0.007372267614754,0.001228711269125,0.001228711269125,0.003686133807377,0.009829690153005001,0.0,0.007372267614754,0.0,0.017201957767759003,0.002457422538251,0.018430669036885002,0.002457422538251,0.011058401422131001,0.0,0.006143556345628001,0.008600978883879,0.008600978883879,0.002457422538251,0.028260359189890002,0.003686133807377,0.012287112691256001,0.012287112691256001,0.019659380306010003,0.001228711269125,0.011058401422131001,0.002457422538251,0.0,0.0,0.0,0.002457422538251,0.0,0.0,0.001228711269125,0.0,0.001228711269125,0.001228711269125,0.004914845076502,0.002457422538251,0.062664274725409,0.0,0.012287112691256001,0.002457422538251,0.001228711269125,0.0,0.0,0.012287112691256001,0.0,0.001228711269125,0.012287112691256001,0.0,0.0,0.0,0.0,0.0,0.003686133807377,0.0,0.0,0.0,0.0,0.0,0.001228711269125,0.003686133807377,0.001228711269125,0.0,0.001228711269125,0.013515823960382001
241,0.0,0.0,0.029013440290322,0.014506720145161,0.0,0.0,0.0,0.0,0.0,0.0,0.0,0.014506720145161,0.0,0.0,0.0,0.0,0.0,0.0,0.0,0.0,0.0,0.5502916755,0.0,0.0,0.0,0.0,0.0,0.014506720145161,0.0,0.0,0.0,0.0,0.0,0.0,0.0,0.0,0.0,0.0,0.11605376116129001,0.043520160435483006,0.043520160435483006,0.0,0.05802688058064501,0.0,0.014506720145161,0.0,0.029013440290322,0.0,0.029013440290322,0.0,0.0,0.0,0.0,0.0,0.0,0.0,0.0,0.0,0.0,0.0,0.0,0.0,0.014506720145161,0.0,0.0,0.0,0.0,0.0,0.0,0.0,0.014506720145161,0.0,0.0,0.0,0.0,0.0,0.0,0.0,0.0,0.0,0.0,0.0,0.0,0.0,0.0,0.014506720145161,0.0,0.0,0.0,0.0
242,0.008666755718415001,0.014444592864025002,0.038518914304068,0.0019259457152030002,0.0048148642880080006,0.0,0.0038518914304060004,0.0028889185728050003,0.0,0.0019259457152030002,0.0019259457152030002,0.026000267155246,0.006740810003211001,0.005777837145610001,0.034667022873661,0.0028889185728050003,0.007703782860813001,0.0038518914304060004,0.0,0.0028889185728050003,0.017333511436830002,0.0009629728576010001,0.5502916755,0.0038518914304060004,0.0028889185728050003,0.0009629728576010001,0.0048148642880080006,0.0048148642880080006,0.006740810003211001,0.0,0.0019259457152030002,0.0009629728576010001,0.010592701433618,0.0038518914304060004,0.008666755718415001,0.0,0.0009629728576010001,0.0009629728576010001,0.0009629728576010001,0.076074855750535,0.028889185728051003,0.0,0.014444592864025002,0.0038518914304060004,0.032741077158458004,0.0,0.009629728576017,0.005777837145610001,0.0048148642880080006,0.0019259457152030002,0.0,0.0019259457152030002,0.0009629728576010001,0.0,0.0,0.0009629728576010001,0.0,0.0,0.0,0.0,0.0009629728576010001,0.0009629728576010001,0.0019259457152030002,0.0,0.0028889185728050003,0.0009629728576010001,0.0,0.0,0.0,0.0019259457152030002,0.0038518914304060004,0.0,0.006740810003211001,0.0,0.0009629728576010001,0.0,0.0019259457152030002,0.0,0.0,0.0,0.0,0.0,0.0,0.0,0.0009629728576010001,0.0009629728576010001,0.0,0.0,0.0,0.0019259457152030002
243,0.0,0.053191307198924,0.00967114676344,0.0,0.0,0.0,0.0,0.0,0.0,0.0,0.0,0.053191307198924,0.0,0.019342293526881,0.00483557338172,0.00967114676344,0.014506720145161,0.0,0.0,0.00483557338172,0.0,0.0,0.048355733817204004,0.5502916755,0.0,0.0,0.0,0.00483557338172,0.00967114676344,0.00967114676344,0.0,0.0,0.0,0.00483557338172,0.0,0.00967114676344,0.0,0.0,0.0,0.043520160435483006,0.038684587053763,0.0,0.014506720145161,0.0,0.00967114676344,0.014506720145161,0.0,0.0,0.00483557338172,0.0,0.0,0.0,0.014506720145161,0.00483557338172,0.00483557338172,0.00483557338172,0.0,0.0,0.0,0.0,0.0,0.0,0.0,0.0,0.00483557338172,0.0,0.0,0.0,0.0,0.00967114676344,0.0,0.0,0.00483557338172,0.0,0.0,0.0,0.00483557338172,0.00483557338172,0.00483557338172,0.0,0.0,0.0,0.0,0.0,0.0,0.0,0.0,0.0,0.0,0.00483557338172
244,0.0,0.0,0.007138227373015,0.0,0.0,0.0,0.049967591611111,0.0,0.0,0.007138227373015,0.007138227373015,0.007138227373015,0.007138227373015,0.0,0.0,0.0,0.0,0.014276454746031002,0.0,0.007138227373015,0.049967591611111,0.007138227373015,0.0,0.0,0.5502916755,0.0,0.007138227373015,0.0,0.0,0.0,0.0,0.014276454746031002,0.107073410595238,0.007138227373015,0.0,0.0,0.0,0.0,0.0,0.007138227373015,0.0,0.0,0.0,0.007138227373015,0.0,0.0,0.007138227373015,0.0,0.0,0.0,0.0,0.0,0.0,0.0,0.0,0.0,0.0,0.0,0.0,0.0,0.0,0.0,0.028552909492063003,0.0,0.071382273730158,0.0,0.007138227373015,0.0,0.0,0.007138227373015,0.0,0.0,0.007138227373015,0.0,0.0,0.0,0.0,0.0,0.0,0.0,0.0,0.0,0.0,0.0,0.0,0.007138227373015,0.0,0.0,0.0,0.0
245,0.0,0.0,0.0,0.0,0.0,0.0,0.0,0.0,0.0,0.0,0.0,0.034592948038461004,0.0,0.0,0.034592948038461004,0.0,0.0,0.0,0.0,0.0,0.034592948038461004,0.0,0.034592948038461004,0.0,0.0,0.5502916755,0.0,0.0,0.0,0.0,0.0,0.0,0.034592948038461004,0.0,0.069185896076923,0.0,0.0,0.0,0.0,0.034592948038461004,0.0,0.0,0.034592948038461004,0.0,0.0,0.0,0.034592948038461004,0.0,0.0,0.0,0.0,0.0,0.0,0.0,0.0,0.0,0.0,0.0,0.0,0.0,0.0,0.0,0.034592948038461004,0.0,0.0,0.034592948038461004,0.0,0.0,0.0,0.0,0.0,0.0,0.0,0.0,0.0,0.0,0.0,0.0,0.0,0.0,0.0,0.0,0.0,0.0,0.0,0.0,0.034592948038461004,0.0,0.0,0.0
246,0.006333920063380001,0.031669600316901005,0.044337440443661,0.006333920063380001,0.012667840126760001,0.006333920063380001,0.012667840126760001,0.0,0.0,0.0,0.0,0.01900176019014,0.006333920063380001,0.025335680253521002,0.012667840126760001,0.0,0.0,0.0,0.0,0.012667840126760001,0.0,0.0,0.031669600316901005,0.0,0.0,0.0,0.5502916755,0.0,0.01900176019014,0.0,0.0,0.0,0.0,0.012667840126760001,0.0,0.0,0.0,0.0,0.006333920063380001,0.044337440443661,0.012667840126760001,0.0,0.025335680253521002,0.0,0.012667840126760001,0.006333920063380001,0.006333920063380001,0.0,0.006333920063380001,0.0,0.0,0.0,0.0,0.006333920063380001,0.006333920063380001,0.0,0.0,0.0,0.0,0.0,0.0,0.0,0.0,0.0,0.0,0.0,0.0,0.0,0.0,0.0,0.0,0.0,0.0,0.025335680253521002,0.0,0.0,0.012667840126760001,0.0,0.006333920063380001,0.0,0.0,0.0,0.0,0.0,0.0,0.0,0.006333920063380001,0.0,0.0,0.006333920063380001
247,0.00562135405625,0.0,0.04497083245,0.0,0.0,0.0,0.0,0.0,0.0,0.00562135405625,0.0,0.03934947839375,0.0,0.0,0.011242708112500001,0.0,0.00562135405625,0.00562135405625,0.0,0.0,0.01686406216875,0.0,0.02810677028125,0.0,0.0,0.0,0.0,0.5502916755,0.0,0.0,0.0,0.0,0.00562135405625,0.00562135405625,0.03934947839375,0.00562135405625,0.0,0.0,0.0,0.011242708112500001,0.0786989567875,0.0,0.00562135405625,0.00562135405625,0.011242708112500001,0.00562135405625,0.01686406216875,0.0,0.0,0.0,0.0,0.0,0.0,0.0,0.0,0.0,0.0,0.0,0.0,0.0,0.0,0.0,0.00562135405625,0.0,0.01686406216875,0.00562135405625,0.0,0.0,0.0,0.011242708112500001,0.0,0.0,0.02810677028125,0.0,0.0,0.0,0.0,0.0,0.011242708112500001,0.0,0.0,0.0,0.0,0.0,0.0,0.0,0.0,0.0,0.0,0.01686406216875
311,0.0,0.020628822224770003,0.006188646667431,0.0,0.0,0.0,0.0,0.0,0.0,0.0,0.0,0.006188646667431,0.037131880004587,0.024754586669724,0.026817468892201,0.002062882222477,0.008251528889908,0.010314411112385001,0.0,0.002062882222477,0.004125764444954,0.0,0.010314411112385001,0.004125764444954,0.002062882222477,0.0,0.020628822224770003,0.0,0.5502916755,0.0,0.016503057779816,0.0,0.0,0.004125764444954,0.004125764444954,0.002062882222477,0.002062882222477,0.0,0.0,0.020628822224770003,0.006188646667431,0.0,0.016503057779816,0.002062882222477,0.004125764444954,0.002062882222477,0.008251528889908,0.0,0.002062882222477,0.004125764444954,0.0,0.016503057779816,0.006188646667431,0.022691704447247003,0.006188646667431,0.014440175557339001,0.0,0.004125764444954,0.0,0.0,0.006188646667431,0.004125764444954,0.006188646667431,0.002062882222477,0.002062882222477,0.0,0.0,0.002062882222477,0.0,0.004125764444954,0.0,0.0,0.004125764444954,0.0,0.016503057779816,0.010314411112385001,0.014440175557339001,0.0,0.0,0.0,0.0,0.002062882222477,0.0,0.004125764444954,0.0,0.006188646667431,0.002062882222477,0.0,0.008251528889908,0.004125764444954
312,0.0,0.0,0.011834429592105001,0.0,0.0,0.0,0.0,0.0,0.0,0.0,0.0,0.0,0.0,0.07100657755263101,0.011834429592105001,0.0,0.0,0.0,0.0,0.0,0.023668859184210002,0.0,0.023668859184210002,0.047337718368421,0.0,0.0,0.0,0.011834429592105001,0.011834429592105001,0.5502916755,0.0,0.0,0.0,0.0,0.023668859184210002,0.05917214796052601,0.0,0.0,0.0,0.0,0.035503288776315,0.0,0.0,0.0,0.023668859184210002,0.023668859184210002,0.0,0.0,0.011834429592105001,0.0,0.0,0.0,0.0,0.011834429592105001,0.0,0.0,0.0,0.0,0.0,0.0,0.0,0.0,0.0,0.0,0.0,0.0,0.0,0.0,0.0,0.023668859184210002,0.0,0.0,0.011834429592105001,0.0,0.0,0.0,0.0,0.0,0.0,0.0,0.0,0.0,0.0,0.011834429592105001,0.0,0.0,0.0,0.0,0.0,0.0
313,0.0,0.002498379580555,0.0074951387416660005,0.0,0.004996759161111,0.0,0.0,0.0,0.0,0.0,0.0,0.017488657063888,0.0,0.009993518322222,0.137410876930555,0.0,0.0,0.002498379580555,0.0,0.0,0.0074951387416660005,0.0,0.024983795805555,0.0,0.0,0.0,0.0,0.0,0.022485416225,0.002498379580555,0.5502916755,0.0,0.0074951387416660005,0.002498379580555,0.0074951387416660005,0.0,0.0,0.0,0.002498379580555,0.029980554966666004,0.012491897902777,0.0,0.0074951387416660005,0.004996759161111,0.009993518322222,0.004996759161111,0.017488657063888,0.004996759161111,0.012491897902777,0.0,0.0,0.004996759161111,0.0,0.022485416225,0.0,0.002498379580555,0.0,0.0,0.0,0.0,0.0,0.0,0.0,0.0,0.0,0.0,0.0,0.0,0.0,0.009993518322222,0.004996759161111,0.0,0.014990277483333002,0.002498379580555,0.004996759161111,0.004996759161111,0.002498379580555,0.0,0.002498379580555,0.0,0.0,0.0,0.0,0.0,0.0,0.0,0.002498379580555,0.0,0.004996759161111,0.0
321,0.0,0.0,0.006918589607692,0.0,0.0,0.0,0.006918589607692,0.0,0.0,0.006918589607692,0.006918589607692,0.041511537646153,0.027674358430769003,0.006918589607692,0.0,0.0,0.0,0.006918589607692,0.020755768823076,0.006918589607692,0.006918589607692,0.0,0.006918589607692,0.0,0.0,0.0,0.0,0.0,0.048430127253846,0.0,0.006918589607692,0.5502916755,0.0,0.0,0.006918589607692,0.0,0.006918589607692,0.0,0.0,0.0,0.027674358430769003,0.0,0.027674358430769003,0.0,0.0,0.006918589607692,0.006918589607692,0.0,0.0,0.006918589607692,0.0,0.013837179215384,0.0,0.0,0.0,0.006918589607692,0.0,0.0,0.0,0.0,0.0,0.0,0.013837179215384,0.0,0.034592948038461004,0.0,0.020755768823076,0.0,0.0,0.041511537646153,0.0,0.0,0.006918589607692,0.0,0.0,0.0,0.0,0.006918589607692,0.0,0.0,0.0,0.006918589607692,0.0,0.0,0.0,0.0,0.0,0.0,0.0,0.0
323,0.003028338885521,0.0,0.010599186099326,0.0,0.0,0.0,0.013627524984848,0.0,0.0,0.0015141694427600002,0.007570847213804001,0.027255049969696,0.0,0.0,0.007570847213804001,0.0015141694427600002,0.0015141694427600002,0.013627524984848,0.009085016656565,0.010599186099326,0.022712541641414,0.0015141694427600002,0.013627524984848,0.0,0.03331172774074,0.0015141694427600002,0.0015141694427600002,0.0015141694427600002,0.003028338885521,0.0,0.003028338885521,0.007570847213804001,0.5502916755,0.010599186099326,0.003028338885521,0.0,0.004542508328282,0.0,0.0,0.015141694427609001,0.012113355542087001,0.0,0.01665586387037,0.012113355542087001,0.009085016656565,0.0015141694427600002,0.018170033313131002,0.003028338885521,0.013627524984848,0.0015141694427600002,0.0,0.0015141694427600002,0.0,0.0,0.0,0.0015141694427600002,0.0,0.0,0.0015141694427600002,0.0,0.0,0.0,0.030283388855218002,0.0,0.045425083282828,0.0015141694427600002,0.0015141694427600002,0.0,0.0015141694427600002,0.007570847213804001,0.003028338885521,0.0015141694427600002,0.009085016656565,0.0015141694427600002,0.0,0.0,0.004542508328282,0.003028338885521,0.004542508328282,0.0,0.0,0.0,0.0,0.0,0.003028338885521,0.003028338885521,0.006056677771043,0.0,0.0,0.0
331,0.0,0.004163965967592,0.0,0.0,0.0,0.041639659675925006,0.0,0.0,0.0,0.0,0.0,0.01665586387037,0.0,0.008327931935185,0.012491897902777,0.0,0.0,0.004163965967592,0.0,0.0,0.0,0.004163965967592,0.01665586387037,0.0,0.004163965967592,0.0,0.0,0.0,0.012491897902777,0.0,0.004163965967592,0.0,0.012491897902777,0.5502916755,0.004163965967592,0.0,0.004163965967592,0.008327931935185,0.0,0.01665586387037,0.012491897902777,0.0,0.041639659675925006,0.012491897902777,0.0,0.004163965967592,0.01665586387037,0.0,0.008327931935185,0.0,0.0,0.004163965967592,0.0,0.004163965967592,0.0,0.008327931935185,0.004163965967592,0.0,0.0,0.0,0.0,0.0,0.0,0.0,0.024983795805555,0.0,0.0,0.0,0.0,0.0,0.0,0.0,0.012491897902777,0.0,0.0,0.008327931935185,0.0,0.0,0.03331172774074,0.0,0.004163965967592,0.0,0.0,0.008327931935185,0.012491897902777,0.004163965967592,0.037475693708333,0.0,0.008327931935185,0.004163965967592
341,0.0023061965358970003,0.004612393071794001,0.013837179215384,0.0,0.0,0.0,0.0,0.0023061965358970003,0.0,0.004612393071794001,0.0,0.025368161894871,0.0023061965358970003,0.006918589607692,0.011530982679487,0.0,0.0,0.004612393071794001,0.0,0.0,0.025368161894871,0.0,0.020755768823076,0.0,0.0023061965358970003,0.0,0.0,0.016143375751282,0.006918589607692,0.0,0.011530982679487,0.0,0.006918589607692,0.0023061965358970003,0.5502916755,0.016143375751282,0.004612393071794001,0.0,0.0,0.018449572287179,0.034592948038461004,0.0,0.009224786143589,0.0,0.006918589607692,0.009224786143589,0.016143375751282,0.0023061965358970003,0.013837179215384,0.004612393071794001,0.0,0.0023061965358970003,0.0,0.004612393071794001,0.0,0.006918589607692,0.0023061965358970003,0.0,0.0,0.0,0.0,0.009224786143589,0.011530982679487,0.0,0.016143375751282,0.0,0.0,0.0,0.0,0.025368161894871,0.0023061965358970003,0.0,0.016143375751282,0.0,0.0023061965358970003,0.0,0.0,0.0,0.006918589607692,0.0,0.0,0.0,0.0,0.0023061965358970003,0.0023061965358970003,0.0023061965358970003,0.004612393071794001,0.0023061965358970003,0.0,0.023061965358974
342,0.0,0.0,0.013424129089552001,0.0,0.0,0.0,0.0,0.006712064544776001,0.0,0.0,0.0,0.020136193634328,0.0,0.020136193634328,0.040272387268656,0.006712064544776001,0.006712064544776001,0.0,0.0,0.0,0.0,0.0,0.006712064544776001,0.020136193634328,0.0,0.0,0.0,0.013424129089552001,0.0,0.020136193634328,0.0,0.0,0.0,0.0,0.040272387268656,0.5502916755,0.0,0.0,0.0,0.006712064544776001,0.046984451813432006,0.0,0.0,0.0,0.0,0.006712064544776001,0.026848258179104002,0.0,0.0,0.0,0.0,0.006712064544776001,0.0,0.0,0.0,0.0,0.006712064544776001,0.0,0.013424129089552001,0.0,0.006712064544776001,0.013424129089552001,0.006712064544776001,0.0,0.0,0.0,0.0,0.0,0.0,0.013424129089552001,0.006712064544776001,0.0,0.0,0.0,0.0,0.006712064544776001,0.0,0.0,0.006712064544776001,0.0,0.0,0.013424129089552001,0.0,0.006712064544776001,0.006712064544776001,0.006712064544776001,0.006712064544776001,0.0,0.006712064544776001,0.013424129089552001
344,0.0,0.0,0.015642028678260003,0.0,0.003910507169565001,0.003910507169565001,0.0,0.0,0.0,0.007821014339130001,0.0,0.011731521508695001,0.003910507169565001,0.0,0.007821014339130001,0.0,0.0,0.007821014339130001,0.0,0.007821014339130001,0.023463043017391,0.0,0.003910507169565001,0.0,0.0,0.0,0.0,0.0,0.003910507169565001,0.0,0.003910507169565001,0.003910507169565001,0.015642028678260003,0.007821014339130001,0.007821014339130001,0.011731521508695001,0.5502916755,0.0,0.0,0.007821014339130001,0.023463043017391,0.0,0.015642028678260003,0.003910507169565001,0.019552535847826003,0.003910507169565001,0.011731521508695001,0.0,0.003910507169565001,0.003910507169565001,0.003910507169565001,0.0,0.003910507169565001,0.0,0.0,0.003910507169565001,0.0,0.0,0.0,0.0,0.003910507169565001,0.0,0.015642028678260003,0.0,0.023463043017391,0.015642028678260003,0.007821014339130001,0.0,0.0,0.043015578865217,0.003910507169565001,0.0,0.0,0.0,0.003910507169565001,0.003910507169565001,0.007821014339130001,0.0,0.011731521508695001,0.0,0.0,0.0,0.003910507169565001,0.0,0.003910507169565001,0.003910507169565001,0.0,0.0,0.003910507169565001,0.035194564526086006
351,0.0,0.0,0.0,0.0,0.0,0.0,0.0,0.0,0.0,0.0,0.0,0.0,0.0,0.08994166490000001,0.0,0.0,0.0,0.0,0.0,0.0,0.0,0.0,0.0,0.0,0.0,0.0,0.0,0.0,0.0,0.0,0.0,0.0,0.0,0.08994166490000001,0.0,0.0,0.0,0.5502916755,0.0,0.0,0.0,0.0,0.0,0.0,0.0,0.0,0.0,0.0,0.0,0.0,0.0,0.0,0.0,0.0,0.0,0.0,0.0,0.0,0.0,0.0,0.0,0.0,0.0,0.0,0.0,0.0,0.0,0.0,0.0,0.0,0.0,0.0,0.0,0.0,0.0,0.0,0.0,0.08994166490000001,0.0,0.0,0.17988332980000002,0.0,0.0,0.0,0.0,0.0,0.0,0.0,0.0,0.0
352,0.0,0.0,0.0,0.0,0.0,0.0,0.0,0.0,0.0,0.0,0.0,0.016061011589285003,0.0,0.0,0.008030505794642,0.0,0.0,0.0,0.0,0.0,0.008030505794642,0.176671127482142,0.016061011589285003,0.0,0.0,0.0,0.008030505794642,0.0,0.0,0.0,0.0,0.0,0.008030505794642,0.0,0.0,0.0,0.0,0.0,0.5502916755,0.080305057946428,0.008030505794642,0.0,0.024091517383928,0.008030505794642,0.008030505794642,0.008030505794642,0.008030505794642,0.0,0.016061011589285003,0.0,0.0,0.008030505794642,0.0,0.008030505794642,0.0,0.008030505794642,0.0,0.0,0.0,0.0,0.0,0.0,0.0,0.0,0.0,0.0,0.0,0.0,0.0,0.0,0.0,0.0,0.008030505794642,0.0,0.008030505794642,0.0,0.0,0.0,0.008030505794642,0.0,0.0,0.0,0.0,0.0,0.0,0.0,0.0,0.0,0.0,0.0
353,0.004758818248677001,0.004758818248677001,0.046795046111992006,0.004758818248677001,0.0,0.0,0.003172545499118,0.001586272749559,0.0,0.001586272749559,0.0,0.027759773117283,0.0007931363747790001,0.004758818248677001,0.013483318371252,0.001586272749559,0.003172545499118,0.0007931363747790001,0.0007931363747790001,0.001586272749559,0.004758818248677001,0.0,0.053933273485008,0.003965681873897,0.0023794091243380003,0.0,0.008724500122574001,0.003172545499118,0.007931363747795,0.0,0.007138227373015,0.0,0.006345090998236,0.0023794091243380003,0.0,0.0007931363747790001,0.0,0.0,0.010310772872134001,0.5502916755,0.037277409614638005,0.0,0.012690181996472,0.004758818248677001,0.041243091488536006,0.013483318371252,0.023794091243386002,0.010310772872134001,0.011897045621693001,0.0,0.0,0.0007931363747790001,0.0007931363747790001,0.0007931363747790001,0.0007931363747790001,0.0,0.0,0.0,0.0,0.0,0.0,0.0,0.0023794091243380003,0.0,0.003965681873897,0.0007931363747790001,0.0007931363747790001,0.001586272749559,0.0007931363747790001,0.006345090998236,0.007138227373015,0.0,0.011103909246913,0.003965681873897,0.0007931363747790001,0.0007931363747790001,0.0023794091243380003,0.001586272749559,0.003172545499118,0.0,0.0007931363747790001,0.0,0.0007931363747790001,0.0007931363747790001,0.0007931363747790001,0.001586272749559,0.001586272749559,0.0007931363747790001,0.0,0.0023794091243380003
354,0.001307291640988,0.006536458204941,0.049023436537063,0.001307291640988,0.0032682291024700005,0.0,0.001960937461482,0.007190104025436001,0.0,0.0032682291024700005,0.000653645820494,0.032028645204215,0.002614583281976,0.005229166563953,0.016341145512354,0.0,0.001307291640988,0.001960937461482,0.000653645820494,0.0,0.010458333127906,0.000653645820494,0.020916666255813003,0.006536458204941,0.001960937461482,0.0,0.001960937461482,0.011111978948401002,0.002614583281976,0.0,0.0032682291024700005,0.000653645820494,0.0032682291024700005,0.000653645820494,0.003921874922965,0.0045755207434590005,0.002614583281976,0.0,0.001307291640988,0.04575520743459301,0.5502916755,0.0,0.012419270589389,0.005229166563953,0.00784374984593,0.013726562230377002,0.024184895358284,0.00784374984593,0.010458333127906,0.000653645820494,0.0,0.001307291640988,0.001307291640988,0.000653645820494,0.000653645820494,0.006536458204941,0.000653645820494,0.0,0.000653645820494,0.0,0.0032682291024700005,0.001307291640988,0.001960937461482,0.0,0.011111978948401002,0.001307291640988,0.001307291640988,0.000653645820494,0.000653645820494,0.020263020435319003,0.011765624768895,0.001960937461482,0.015033853871366002,0.0032682291024700005,0.0,0.0,0.001307291640988,0.001307291640988,0.009151041486918001,0.0,0.000653645820494,0.0,0.001307291640988,0.000653645820494,0.000653645820494,0.001960937461482,0.000653645820494,0.0,0.001960937461482,0.005229166563953
355,0.0,0.0,0.0,0.0,0.0,0.0,0.0,0.0,0.0,0.0,0.0,0.0,0.0,0.0,0.034592948038461004,0.0,0.0,0.0,0.0,0.0,0.0,0.0,0.034592948038461004,0.0,0.0,0.0,0.0,0.0,0.0,0.0,0.0,0.0,0.0,0.0,0.0,0.0,0.0,0.0,0.0,0.034592948038461004,0.034592948038461004,0.5502916755,0.0,0.034592948038461004,0.0,0.0,0.0,0.0,0.0,0.069185896076923,0.0,0.0,0.0,0.0,0.0,0.0,0.0,0.0,0.0,0.0,0.0,0.0,0.0,0.0,0.0,0.0,0.0,0.0,0.0,0.0,0.0,0.0,0.034592948038461004,0.0,0.034592948038461004,0.0,0.0,0.0,0.0,0.0,0.0,0.0,0.034592948038461004,0.0,0.0,0.0,0.103778844115384,0.0,0.0,0.0
356,0.0011103909246910001,0.004441563698765001,0.044415636987654,0.0,0.0,0.003331172774074,0.004441563698765001,0.0011103909246910001,0.0,0.005551954623456001,0.0,0.027759773117283,0.0011103909246910001,0.0011103909246910001,0.012214300171604001,0.0,0.003331172774074,0.0022207818493820003,0.0022207818493820003,0.003331172774074,0.015545472945679002,0.003331172774074,0.018876645719753,0.0022207818493820003,0.0,0.0,0.004441563698765001,0.003331172774074,0.004441563698765001,0.0011103909246910001,0.003331172774074,0.0011103909246910001,0.013324691096296,0.005551954623456001,0.005551954623456001,0.0022207818493820003,0.0022207818493820003,0.0,0.004441563698765001,0.027759773117283,0.019987036644444,0.0,0.5502916755,0.009993518322222,0.015545472945679002,0.017766254795061002,0.022207818493827,0.006662345548148,0.012214300171604001,0.0,0.0,0.0022207818493820003,0.0,0.003331172774074,0.0,0.0022207818493820003,0.0,0.0,0.0,0.0,0.004441563698765001,0.0011103909246910001,0.008883127397530001,0.0022207818493820003,0.018876645719753,0.0022207818493820003,0.0011103909246910001,0.0,0.0,0.008883127397530001,0.004441563698765001,0.0,0.012214300171604001,0.0022207818493820003,0.0,0.0022207818493820003,0.005551954623456001,0.0,0.004441563698765001,0.0011103909246910001,0.0011103909246910001,0.0,0.0,0.0022207818493820003,0.0,0.0011103909246910001,0.005551954623456001,0.0011103909246910001,0.0022207818493820003,0.007772736472839
411,0.004861711616216,0.002430855808108,0.019446846464864,0.0,0.0,0.002430855808108,0.0,0.0,0.0,0.002430855808108,0.0,0.017015990656756002,0.002430855808108,0.0,0.004861711616216,0.002430855808108,0.002430855808108,0.004861711616216,0.0,0.002430855808108,0.014585134848648,0.0,0.026739413889189004,0.0,0.002430855808108,0.0,0.004861711616216,0.0,0.004861711616216,0.0,0.007292567424324,0.002430855808108,0.01215427904054,0.0,0.0,0.0,0.0,0.0,0.002430855808108,0.036462837121621,0.014585134848648,0.0,0.021877702272972,0.5502916755,0.029170269697297004,0.009723423232432,0.077787385859459,0.01215427904054,0.026739413889189004,0.002430855808108,0.0,0.0,0.0,0.002430855808108,0.0,0.0,0.0,0.002430855808108,0.0,0.0,0.002430855808108,0.0,0.004861711616216,0.002430855808108,0.01215427904054,0.002430855808108,0.0,0.0,0.0,0.007292567424324,0.0,0.0,0.017015990656756002,0.002430855808108,0.0,0.0,0.0,0.0,0.004861711616216,0.0,0.002430855808108,0.0,0.0,0.0,0.0,0.0,0.004861711616216,0.0,0.002430855808108,0.002430855808108
412,0.000975506126898,0.000975506126898,0.027314171553145004,0.003902024507592,0.0,0.000975506126898,0.0,0.001951012253796,0.0,0.003902024507592,0.000975506126898,0.024387653172451004,0.0,0.000975506126898,0.007804049015184,0.0,0.0,0.001951012253796,0.002926518380694,0.0,0.011706073522776,0.001951012253796,0.036093726695227,0.000975506126898,0.001951012253796,0.000975506126898,0.00487753063449,0.000975506126898,0.001951012253796,0.000975506126898,0.002926518380694,0.000975506126898,0.007804049015184,0.005853036761388,0.002926518380694,0.0,0.0,0.0,0.005853036761388,0.074138465644251,0.013657085776572,0.0,0.00487753063449,0.00487753063449,0.5502916755,0.006828542888286,0.028289677680043004,0.011706073522776,0.017559110284164,0.0,0.0,0.000975506126898,0.0,0.001951012253796,0.0,0.000975506126898,0.000975506126898,0.0,0.0,0.0,0.000975506126898,0.000975506126898,0.005853036761388,0.0,0.007804049015184,0.003902024507592,0.002926518380694,0.0,0.000975506126898,0.024387653172451004,0.003902024507592,0.003902024507592,0.021461134791757,0.006828542888286,0.0,0.0,0.001951012253796,0.0,0.00487753063449,0.0,0.001951012253796,0.0,0.0,0.001951012253796,0.00487753063449,0.001951012253796,0.001951012253796,0.000975506126898,0.0,0.010730567395878
413,0.0,0.001192860277188,0.009542882217506,0.002385720554376,0.007157161663129001,0.0,0.0,0.0,0.0,0.001192860277188,0.0,0.013121463049071,0.0,0.001192860277188,0.007157161663129001,0.0,0.0,0.001192860277188,0.0,0.002385720554376,0.007157161663129001,0.002385720554376,0.013121463049071,0.002385720554376,0.0,0.0059643013859410005,0.001192860277188,0.002385720554376,0.002385720554376,0.001192860277188,0.0059643013859410005,0.0,0.007157161663129001,0.0,0.002385720554376,0.001192860277188,0.002385720554376,0.0,0.004771441108753,0.028628646652519,0.026242926098143,0.0,0.029821506929708003,0.007157161663129001,0.015507183603448,0.5502916755,0.04771441108753301,0.007157161663129001,0.016700043880636003,0.0,0.0,0.0035785808315640004,0.0,0.001192860277188,0.0,0.002385720554376,0.0,0.0,0.0,0.0,0.0,0.0,0.004771441108753,0.0,0.014314323326259001,0.002385720554376,0.0,0.002385720554376,0.0,0.017892904157824,0.010735742494694,0.004771441108753,0.026242926098143,0.004771441108753,0.0,0.001192860277188,0.004771441108753,0.001192860277188,0.007157161663129001,0.0035785808315640004,0.0059643013859410005,0.0,0.001192860277188,0.0035785808315640004,0.0035785808315640004,0.007157161663129001,0.0,0.004771441108753,0.013121463049071,0.009542882217506
415,0.002190137943993,0.0014600919626620002,0.010950689719967,0.0,0.0014600919626620002,0.0007300459813310001,0.0,0.0007300459813310001,0.0,0.0014600919626620002,0.0036502299066550003,0.016061011589285003,0.0007300459813310001,0.0014600919626620002,0.00657041383198,0.0,0.0,0.0029201839253240004,0.0014600919626620002,0.002190137943993,0.012410781682629001,0.0,0.014600919626623,0.0007300459813310001,0.0036502299066550003,0.0007300459813310001,0.002190137943993,0.0029201839253240004,0.005840367850649001,0.0,0.005840367850649001,0.002190137943993,0.010950689719967,0.0036502299066550003,0.004380275887987,0.0014600919626620002,0.0014600919626620002,0.0,0.00657041383198,0.027741747290584002,0.040882574954545,0.0,0.013140827663961002,0.009490597757305,0.032122023178571005,0.025551609346590003,0.5502916755,0.015330965607954002,0.032122023178571005,0.0007300459813310001,0.0,0.0007300459813310001,0.002190137943993,0.0007300459813310001,0.0,0.0014600919626620002,0.0007300459813310001,0.0007300459813310001,0.002190137943993,0.0,0.0007300459813310001,0.0,0.012410781682629001,0.0029201839253240004,0.018251149533279002,0.002190137943993,0.0007300459813310001,0.0,0.0007300459813310001,0.011680735701298002,0.0029201839253240004,0.0007300459813310001,0.024821563365259,0.0,0.002190137943993,0.0014600919626620002,0.004380275887987,0.0,0.002190137943993,0.0,0.0007300459813310001,0.0,0.0,0.0,0.0014600919626620002,0.0014600919626620002,0.0007300459813310001,0.0,0.008030505794642,0.009490597757305
416,0.003038569760135,0.00607713952027,0.030385697601351003,0.003038569760135,0.009115709280405001,0.0,0.003038569760135,0.0,0.0,0.009115709280405001,0.003038569760135,0.039501406881756004,0.0,0.003038569760135,0.015192848800675,0.003038569760135,0.003038569760135,0.003038569760135,0.0,0.0,0.0,0.0,0.021269988320945003,0.0,0.0,0.003038569760135,0.0,0.003038569760135,0.0,0.0,0.003038569760135,0.0,0.0,0.00607713952027,0.0,0.003038569760135,0.0,0.0,0.00607713952027,0.030385697601351003,0.033424267361486,0.0,0.01215427904054,0.00607713952027,0.039501406881756004,0.018231418560810002,0.033424267361486,0.5502916755,0.021269988320945003,0.0,0.0,0.0,0.0,0.0,0.0,0.0,0.0,0.0,0.0,0.0,0.0,0.003038569760135,0.003038569760135,0.0,0.01215427904054,0.003038569760135,0.003038569760135,0.003038569760135,0.0,0.009115709280405001,0.0,0.0,0.00607713952027,0.003038569760135,0.00607713952027,0.0,0.003038569760135,0.0,0.0,0.0,0.00607713952027,0.0,0.003038569760135,0.0,0.0,0.0,0.00607713952027,0.0,0.00607713952027,0.0
421,0.0,0.0,0.007622174991525001,0.001088882141646,0.001088882141646,0.0,0.001088882141646,0.0,0.0,0.0032666464249390004,0.001088882141646,0.016333232124697002,0.001088882141646,0.0,0.005444410708232,0.0,0.0,0.001088882141646,0.002177764283292,0.001088882141646,0.010888821416464,0.004355528566585,0.015244349983050002,0.0,0.002177764283292,0.0,0.001088882141646,0.002177764283292,0.005444410708232,0.001088882141646,0.005444410708232,0.001088882141646,0.011977703558111001,0.0,0.0032666464249390004,0.005444410708232,0.0,0.0,0.013066585699757001,0.01851099640799,0.021777642832929003,0.0,0.015244349983050002,0.004355528566585,0.028310935682808003,0.022866524974576002,0.06859957492372801,0.010888821416464,0.5502916755,0.001088882141646,0.0,0.0,0.0,0.0,0.0,0.0032666464249390004,0.001088882141646,0.0,0.0,0.0,0.006533292849878001,0.001088882141646,0.006533292849878001,0.004355528566585,0.01851099640799,0.002177764283292,0.002177764283292,0.002177764283292,0.002177764283292,0.021777642832929003,0.0032666464249390004,0.0032666464249390004,0.017422114266343002,0.001088882141646,0.001088882141646,0.001088882141646,0.0,0.0,0.0,0.0,0.001088882141646,0.001088882141646,0.0,0.0,0.001088882141646,0.001088882141646,0.007622174991525001,0.0,0.002177764283292,0.019599878549636
511,0.0,0.003381265597744,0.0,0.0,0.0,0.0,0.0,0.0,0.023668859184210002,0.003381265597744,0.0,0.027050124781954003,0.003381265597744,0.0,0.0,0.0,0.0,0.0,0.0,0.0,0.0,0.0,0.0,0.003381265597744,0.0,0.0,0.0,0.0,0.010143796793233,0.0,0.0,0.0,0.003381265597744,0.0,0.003381265597744,0.0,0.0,0.0,0.0,0.006762531195488,0.010143796793233,0.003381265597744,0.003381265597744,0.0,0.003381265597744,0.003381265597744,0.003381265597744,0.0,0.003381265597744,0.5502916755,0.0,0.010143796793233,0.003381265597744,0.010143796793233,0.006762531195488,0.027050124781954003,0.0,0.0,0.0,0.0,0.006762531195488,0.0,0.0,0.006762531195488,0.013525062390977002,0.003381265597744,0.0,0.0,0.0,0.027050124781954003,0.003381265597744,0.006762531195488,0.006762531195488,0.0,0.010143796793233,0.003381265597744,0.010143796793233,0.016906327988721,0.020287593586466,0.006762531195488,0.0,0.06762531195488701,0.013525062390977002,0.003381265597744,0.003381265597744,0.013525062390977002,0.003381265597744,0.0,0.010143796793233,0.016906327988721
521,0.0,0.014506720145161,0.0,0.0,0.0,0.0,0.0,0.0,0.0,0.0,0.0,0.0,0.0,0.014506720145161,0.0,0.0,0.0,0.0,0.0,0.0,0.0,0.0,0.0,0.0,0.0,0.0,0.0,0.0,0.014506720145161,0.0,0.014506720145161,0.0,0.0,0.014506720145161,0.0,0.0,0.0,0.0,0.0,0.0,0.0,0.0,0.0,0.0,0.0,0.0,0.0,0.0,0.0,0.0,0.5502916755,0.05802688058064501,0.014506720145161,0.014506720145161,0.014506720145161,0.043520160435483006,0.0,0.0,0.0,0.0,0.0,0.0,0.0,0.0,0.0,0.0,0.0,0.0,0.0,0.0,0.0,0.0,0.0,0.0,0.014506720145161,0.043520160435483006,0.072533600725806,0.0,0.043520160435483006,0.014506720145161,0.0,0.0,0.0,0.029013440290322,0.0,0.0,0.0,0.0,0.014506720145161,0.0
522,0.0,0.010105805044943001,0.0,0.0,0.0,0.0,0.0,0.002526451261235,0.002526451261235,0.0,0.0,0.017685158828651,0.0,0.027790963873595004,0.002526451261235,0.0,0.0,0.0,0.0,0.0,0.002526451261235,0.0,0.002526451261235,0.0,0.0,0.0,0.002526451261235,0.0,0.032843866396067005,0.002526451261235,0.002526451261235,0.0,0.0,0.002526451261235,0.0,0.0,0.0,0.002526451261235,0.0,0.0,0.0,0.0,0.007579353783707001,0.002526451261235,0.0,0.002526451261235,0.002526451261235,0.0,0.002526451261235,0.0,0.015158707567415,0.5502916755,0.025264512612359003,0.037896768918539006,0.010105805044943001,0.042949671441011,0.007579353783707001,0.0,0.0,0.0,0.002526451261235,0.002526451261235,0.0,0.0,0.0,0.002526451261235,0.0,0.0,0.0,0.002526451261235,0.002526451261235,0.0,0.002526451261235,0.0,0.015158707567415,0.045476122702247004,0.040423220179775,0.012632256306179,0.012632256306179,0.002526451261235,0.005052902522471,0.0,0.002526451261235,0.002526451261235,0.0,0.005052902522471,0.0,0.002526451261235,0.005052902522471,0.012632256306179
523,0.0,0.008565872847619001,0.004282936423809,0.0,0.0,0.0,0.0,0.0,0.0,0.0,0.0,0.042829364238095004,0.0,0.012848809271428,0.0,0.0,0.004282936423809,0.0,0.0,0.0,0.0,0.0,0.004282936423809,0.0,0.0,0.0,0.0,0.0,0.034263491390476006,0.0,0.0,0.004282936423809,0.0,0.0,0.0,0.0,0.0,0.0,0.0,0.004282936423809,0.0,0.0,0.008565872847619001,0.0,0.004282936423809,0.0,0.004282936423809,0.0,0.004282936423809,0.0,0.004282936423809,0.06852698278095201,0.5502916755,0.021414682119047002,0.008565872847619001,0.012848809271428,0.004282936423809,0.0,0.0,0.0,0.004282936423809,0.017131745695238003,0.0,0.0,0.0,0.0,0.0,0.0,0.0,0.025697618542857,0.0,0.0,0.008565872847619001,0.0,0.017131745695238003,0.017131745695238003,0.021414682119047002,0.008565872847619001,0.025697618542857,0.004282936423809,0.008565872847619001,0.004282936423809,0.0,0.0,0.0,0.004282936423809,0.0,0.004282936423809,0.012848809271428,0.004282936423809
524,0.0029201839253240004,0.011680735701298002,0.0029201839253240004,0.0,0.0,0.0,0.0,0.0029201839253240004,0.0,0.0029201839253240004,0.0,0.011680735701298002,0.0,0.040882574954545,0.035042207103896,0.0,0.0,0.0,0.0,0.0,0.008760551775974,0.0,0.0,0.0,0.0,0.0,0.0029201839253240004,0.0,0.029201839253246,0.0,0.026281655327922003,0.0,0.0,0.005840367850649001,0.0029201839253240004,0.0,0.0,0.0,0.0,0.0029201839253240004,0.017521103551948,0.0,0.008760551775974,0.0,0.0029201839253240004,0.0029201839253240004,0.008760551775974,0.0,0.0029201839253240004,0.005840367850649001,0.0029201839253240004,0.046722942805194005,0.005840367850649001,0.5502916755,0.014600919626623,0.005840367850649001,0.005840367850649001,0.005840367850649001,0.0029201839253240004,0.0,0.0,0.0029201839253240004,0.0,0.0,0.0029201839253240004,0.0029201839253240004,0.0,0.0,0.0029201839253240004,0.0,0.005840367850649001,0.0,0.0,0.005840367850649001,0.005840367850649001,0.020441287477272002,0.011680735701298002,0.020441287477272002,0.008760551775974,0.0,0.0029201839253240004,0.0,0.008760551775974,0.008760551775974,0.0,0.0,0.0,0.0,0.005840367850649001,0.0029201839253240004
525,0.014506720145161,0.05802688058064501,0.0,0.0,0.0,0.0,0.0,0.014506720145161,0.0,0.0,0.0,0.043520160435483006,0.0,0.0,0.0,0.0,0.0,0.0,0.0,0.0,0.0,0.0,0.029013440290322,0.0,0.0,0.0,0.0,0.0,0.0,0.0,0.0,0.0,0.0,0.0,0.0,0.0,0.0,0.0,0.0,0.014506720145161,0.014506720145161,0.0,0.0,0.0,0.0,0.029013440290322,0.0,0.014506720145161,0.014506720145161,0.0,0.014506720145161,0.072533600725806,0.0,0.014506720145161,0.5502916755,0.014506720145161,0.0,0.014506720145161,0.0,0.0,0.0,0.0,0.0,0.0,0.0,0.0,0.0,0.0,0.0,0.0,0.0,0.0,0.0,0.014506720145161,0.029013440290322,0.029013440290322,0.0,0.0,0.0,0.0,0.0,0.0,0.0,0.0,0.0,0.0,0.0,0.0,0.0,0.0
531,0.0,0.020723885921658,0.010361942960829,0.0,0.0020723885921650003,0.0,0.0,0.0,0.0020723885921650003,0.0,0.0,0.033158217474654,0.0,0.010361942960829,0.004144777184331001,0.0,0.0,0.0,0.0,0.0,0.0020723885921650003,0.0,0.0,0.0,0.0020723885921650003,0.0,0.0,0.0,0.010361942960829,0.004144777184331001,0.0,0.0,0.0,0.0,0.0020723885921650003,0.0,0.0,0.0,0.0,0.0,0.012434331552995,0.0,0.0020723885921650003,0.0,0.0020723885921650003,0.0,0.0020723885921650003,0.0,0.0,0.012434331552995,0.010361942960829,0.020723885921658,0.008289554368663,0.006217165776497001,0.0,0.5502916755,0.045592549027649004,0.006217165776497001,0.0020723885921650003,0.0,0.0020723885921650003,0.012434331552995,0.0020723885921650003,0.0,0.006217165776497001,0.0020723885921650003,0.0,0.006217165776497001,0.0,0.014506720145161,0.0,0.0,0.004144777184331001,0.0,0.008289554368663,0.010361942960829,0.006217165776497001,0.041447771843317,0.022796274513824002,0.006217165776497001,0.0,0.0020723885921650003,0.026941051698156002,0.018651497329493002,0.0,0.008289554368663,0.004144777184331001,0.0,0.004144777184331001,0.006217165776497001
532,0.0,0.00562135405625,0.0,0.0,0.0,0.0,0.00562135405625,0.00562135405625,0.0,0.0,0.0,0.022485416225,0.0,0.0,0.0,0.0,0.0,0.0,0.0,0.011242708112500001,0.0,0.0,0.0,0.00562135405625,0.0,0.0,0.0,0.0,0.0,0.0,0.0,0.0,0.0,0.0,0.0,0.00562135405625,0.0,0.00562135405625,0.0,0.0,0.0,0.0,0.0,0.0,0.0,0.0,0.00562135405625,0.0,0.0,0.01686406216875,0.0,0.01686406216875,0.00562135405625,0.0,0.0,0.12929114329375,0.5502916755,0.011242708112500001,0.0,0.0,0.0,0.011242708112500001,0.0,0.00562135405625,0.0,0.0,0.0,0.0,0.0,0.01686406216875,0.00562135405625,0.0,0.00562135405625,0.0,0.0,0.0,0.011242708112500001,0.0337281243375,0.01686406216875,0.00562135405625,0.0,0.00562135405625,0.0337281243375,0.00562135405625,0.0,0.01686406216875,0.0,0.0,0.01686406216875,0.00562135405625
533,0.0,0.08507995328378301,0.0,0.0,0.0,0.01215427904054,0.0,0.0,0.0,0.0,0.0,0.0,0.0,0.036462837121621,0.0,0.0,0.0,0.0,0.0,0.0,0.0,0.0,0.0,0.0,0.0,0.0,0.0,0.0,0.01215427904054,0.0,0.0,0.0,0.0,0.0,0.0,0.0,0.0,0.0,0.0,0.0,0.01215427904054,0.0,0.024308558081081,0.0,0.0,0.01215427904054,0.01215427904054,0.0,0.0,0.0,0.0,0.036462837121621,0.0,0.0,0.01215427904054,0.048617116162162,0.01215427904054,0.5502916755,0.0,0.0,0.0,0.0,0.0,0.0,0.0,0.0,0.0,0.0,0.0,0.0,0.0,0.01215427904054,0.0,0.0,0.01215427904054,0.0,0.024308558081081,0.01215427904054,0.024308558081081,0.0,0.0,0.0,0.036462837121621,0.0,0.0,0.01215427904054,0.0,0.0,0.0,0.0
541,0.0,0.01798833298,0.0,0.0,0.0,0.0,0.0,0.0,0.0,0.0,0.0,0.0,0.0,0.0,0.0,0.0,0.0,0.0,0.0,0.0,0.01798833298,0.0,0.0,0.0,0.0,0.0,0.0,0.0,0.0,0.0,0.0,0.0,0.0,0.0,0.0,0.01798833298,0.0,0.0,0.0,0.0,0.0,0.0,0.01798833298,0.0,0.01798833298,0.0,0.03597666596,0.0,0.01798833298,0.0,0.0,0.01798833298,0.0,0.0,0.0,0.01798833298,0.0,0.0,0.5502916755,0.0,0.03597666596,0.0,0.0,0.0,0.01798833298,0.01798833298,0.0,0.0,0.0,0.0,0.0,0.0,0.0,0.0,0.01798833298,0.01798833298,0.07195333192,0.0,0.053964998939999,0.0,0.0,0.0,0.0,0.0,0.0,0.0,0.03597666596,0.0,0.0,0.0
542,0.0,0.0,0.08327931935185101,0.0,0.0,0.0,0.0,0.0,0.0,0.0,0.0,0.0,0.0,0.0,0.0,0.0,0.0,0.0,0.0,0.0,0.0,0.0,0.0,0.0,0.0,0.0,0.0,0.0,0.01665586387037,0.0,0.0,0.0,0.0,0.0,0.0,0.03331172774074,0.0,0.0,0.0,0.0,0.0,0.0,0.0,0.0,0.01665586387037,0.0,0.049967591611111,0.0,0.0,0.0,0.0,0.0,0.0,0.0,0.0,0.01665586387037,0.0,0.0,0.0,0.5502916755,0.01665586387037,0.01665586387037,0.0,0.01665586387037,0.0,0.0,0.0,0.0,0.0,0.0,0.0,0.0,0.01665586387037,0.0,0.03331172774074,0.03331172774074,0.01665586387037,0.0,0.0,0.0,0.0,0.0,0.01665586387037,0.0,0.03331172774074,0.0,0.0,0.0,0.01665586387037,0.01665586387037
543,0.0,0.0,0.005865760754347,0.0,0.0019552535847820003,0.0019552535847820003,0.0,0.003910507169565001,0.0,0.019552535847826003,0.0,0.021507789432608,0.0,0.0019552535847820003,0.003910507169565001,0.0,0.0019552535847820003,0.0,0.0,0.0,0.003910507169565001,0.0,0.0019552535847820003,0.0,0.0,0.0,0.0,0.0,0.009776267923913002,0.0,0.003910507169565001,0.0,0.0019552535847820003,0.0019552535847820003,0.005865760754347,0.0019552535847820003,0.005865760754347,0.0,0.0,0.0019552535847820003,0.015642028678260003,0.0,0.0019552535847820003,0.0,0.0019552535847820003,0.005865760754347,0.005865760754347,0.0,0.0019552535847820003,0.005865760754347,0.0,0.005865760754347,0.0019552535847820003,0.0019552535847820003,0.0,0.0019552535847820003,0.0019552535847820003,0.0,0.0019552535847820003,0.0019552535847820003,0.5502916755,0.0,0.007821014339130001,0.003910507169565001,0.037149818110869,0.0,0.0019552535847820003,0.0019552535847820003,0.0,0.043015578865217,0.003910507169565001,0.005865760754347,0.013686775093478001,0.0019552535847820003,0.015642028678260003,0.005865760754347,0.005865760754347,0.0019552535847820003,0.019552535847826003,0.0,0.0,0.0019552535847820003,0.003910507169565001,0.013686775093478001,0.0019552535847820003,0.015642028678260003,0.007821014339130001,0.0019552535847820003,0.015642028678260003,0.058657607543478006
544,0.0,0.012848809271428,0.0,0.0,0.006424404635714,0.0,0.0,0.0,0.0,0.025697618542857,0.0,0.032122023178571005,0.0,0.006424404635714,0.0,0.0,0.0,0.0,0.0,0.0,0.006424404635714,0.0,0.0,0.0,0.0,0.0,0.0,0.0,0.0,0.0,0.0,0.0,0.0,0.0,0.019273213907142,0.012848809271428,0.0,0.0,0.0,0.012848809271428,0.032122023178571005,0.0,0.006424404635714,0.0,0.006424404635714,0.012848809271428,0.006424404635714,0.0,0.012848809271428,0.0,0.0,0.019273213907142,0.012848809271428,0.0,0.0,0.04497083245,0.0,0.0,0.006424404635714,0.012848809271428,0.006424404635714,0.5502916755,0.0,0.006424404635714,0.0,0.0,0.006424404635714,0.006424404635714,0.0,0.012848809271428,0.0,0.0,0.0,0.0,0.019273213907142,0.0,0.006424404635714,0.006424404635714,0.006424404635714,0.012848809271428,0.0,0.006424404635714,0.0,0.012848809271428,0.006424404635714,0.0,0.006424404635714,0.0,0.006424404635714,0.012848809271428
612,0.0,0.0,0.0029980554966660003,0.0,0.0,0.0,0.0009993518322220002,0.0,0.0,0.0009993518322220002,0.0019987036644440004,0.013990925651111001,0.0,0.0,0.0009993518322220002,0.0,0.0,0.0,0.003997407328888001,0.005996110993333001,0.110928053376666,0.0009993518322220002,0.004996759161111,0.0,0.005996110993333001,0.0009993518322220002,0.0,0.0009993518322220002,0.003997407328888001,0.0,0.003997407328888001,0.003997407328888001,0.021985740308888002,0.0,0.005996110993333001,0.0,0.0009993518322220002,0.0,0.0019987036644440004,0.003997407328888001,0.010992870154444001,0.0009993518322220002,0.006995462825555,0.0019987036644440004,0.004996759161111,0.004996759161111,0.027981851302222003,0.0019987036644440004,0.007994814657777,0.0009993518322220002,0.0,0.0,0.0,0.0,0.0,0.0009993518322220002,0.0,0.0,0.0,0.0,0.0019987036644440004,0.0019987036644440004,0.5502916755,0.0019987036644440004,0.04497083245,0.0019987036644440004,0.004996759161111,0.0009993518322220002,0.0,0.040973425121111004,0.0019987036644440004,0.0009993518322220002,0.006995462825555,0.0,0.0,0.0,0.0019987036644440004,0.0,0.0009993518322220002,0.0,0.0019987036644440004,0.0,0.0019987036644440004,0.0009993518322220002,0.003997407328888001,0.010992870154444001,0.004996759161111,0.003997407328888001,0.0,0.032978610463333
613,0.0,0.0,0.0,0.0,0.0,0.0,0.0,0.0,0.008485062726415001,0.0,0.0,0.008485062726415001,0.0,0.0,0.0,0.0,0.0,0.008485062726415001,0.016970125452830002,0.016970125452830002,0.008485062726415001,0.0,0.0,0.0,0.0,0.0,0.0,0.0,0.0,0.0,0.016970125452830002,0.0,0.0,0.0,0.008485062726415001,0.0,0.008485062726415001,0.0,0.0,0.0,0.008485062726415001,0.0,0.008485062726415001,0.0,0.008485062726415001,0.016970125452830002,0.033940250905660004,0.0,0.016970125452830002,0.025455188179245,0.0,0.0,0.0,0.0,0.0,0.0,0.0,0.0,0.0,0.0,0.0,0.0,0.008485062726415001,0.5502916755,0.033940250905660004,0.0,0.0,0.0,0.0,0.05091037635849,0.0,0.016970125452830002,0.025455188179245,0.0,0.0,0.0,0.0,0.0,0.0,0.0,0.0,0.008485062726415001,0.0,0.008485062726415001,0.0,0.008485062726415001,0.008485062726415001,0.0,0.008485062726415001,0.05091037635849
614,0.000731233047967,0.000731233047967,0.002924932191869,0.000731233047967,0.0,0.0,0.002193699143902,0.0,0.0,0.000731233047967,0.006581097431707,0.016087127055284003,0.0,0.0,0.000731233047967,0.0,0.0,0.012430961815447,0.005118631335772001,0.05484247859756,0.011699728767479002,0.000731233047967,0.005849864383739,0.0,0.010968495719512,0.0,0.000731233047967,0.0,0.004387398287804,0.0,0.001462466095934,0.005849864383739,0.034367953254471,0.001462466095934,0.002924932191869,0.0,0.004387398287804,0.0,0.0,0.002924932191869,0.005849864383739,0.0,0.010968495719512,0.001462466095934,0.007312330479674001,0.005118631335772001,0.016818360103252,0.0036561652398370004,0.010968495719512,0.0036561652398370004,0.0,0.000731233047967,0.000731233047967,0.001462466095934,0.0,0.000731233047967,0.001462466095934,0.0,0.0,0.000731233047967,0.009506029623577,0.000731233047967,0.031443021062601,0.002193699143902,0.5502916755,0.0,0.005118631335772001,0.004387398287804,0.001462466095934,0.022668224486991,0.002924932191869,0.000731233047967,0.010968495719512,0.000731233047967,0.002193699143902,0.000731233047967,0.0036561652398370004,0.001462466095934,0.008043563527642001,0.002193699143902,0.0,0.0,0.000731233047967,0.002924932191869,0.000731233047967,0.032174254110569005,0.005118631335772001,0.004387398287804,0.002193699143902,0.027055622774796003
621,0.0,0.0,0.005517893552147,0.0,0.002758946776073,0.0,0.0,0.0,0.002758946776073,0.019312627432515002,0.0,0.013794733880368,0.0,0.011035787104294,0.013794733880368,0.005517893552147,0.0,0.002758946776073,0.0,0.0,0.022071574208588,0.0,0.00827684032822,0.0,0.0,0.0,0.0,0.002758946776073,0.002758946776073,0.0,0.002758946776073,0.0,0.0,0.005517893552147,0.013794733880368,0.0,0.022071574208588,0.0,0.0,0.005517893552147,0.005517893552147,0.0,0.011035787104294,0.005517893552147,0.016553680656441,0.002758946776073,0.016553680656441,0.0,0.022071574208588,0.005517893552147,0.0,0.0,0.005517893552147,0.002758946776073,0.0,0.005517893552147,0.0,0.0,0.0,0.0,0.00827684032822,0.0,0.019312627432515002,0.0,0.016553680656441,0.5502916755,0.0,0.0,0.0,0.030348414536809,0.002758946776073,0.0,0.024830520984662003,0.002758946776073,0.0,0.002758946776073,0.0,0.002758946776073,0.005517893552147,0.0,0.013794733880368,0.002758946776073,0.002758946776073,0.0,0.0,0.005517893552147,0.013794733880368,0.0,0.011035787104294,0.022071574208588
622,0.0,0.0,0.004125764444954,0.0,0.0,0.0,0.0,0.0,0.0,0.004125764444954,0.0,0.041257644449541005,0.0,0.0,0.008251528889908,0.0,0.004125764444954,0.0,0.004125764444954,0.0,0.0,0.0,0.004125764444954,0.0,0.0,0.0,0.0,0.0,0.0,0.0,0.0,0.004125764444954,0.004125764444954,0.0,0.0,0.0,0.0,0.0,0.0,0.004125764444954,0.004125764444954,0.0,0.008251528889908,0.004125764444954,0.008251528889908,0.004125764444954,0.033006115559633,0.0,0.012377293334862,0.004125764444954,0.0,0.004125764444954,0.0,0.0,0.0,0.0,0.0,0.0,0.0,0.0,0.004125764444954,0.0,0.033006115559633,0.0,0.033006115559633,0.004125764444954,0.5502916755,0.004125764444954,0.0,0.04950917333944901,0.004125764444954,0.008251528889908,0.037131880004587,0.0,0.0,0.004125764444954,0.0,0.0,0.004125764444954,0.0,0.0,0.0,0.004125764444954,0.012377293334862,0.0,0.016503057779816,0.004125764444954,0.004125764444954,0.0,0.057760702229357
623,0.0,0.0,0.0,0.0,0.0,0.0,0.0,0.0,0.0,0.0,0.0,0.021672690337349,0.0,0.0,0.005418172584337,0.0,0.0,0.0,0.0,0.0,0.0,0.0,0.0,0.0,0.0,0.0,0.0,0.0,0.0,0.0,0.0,0.0,0.0,0.0,0.0,0.0,0.0,0.0,0.0,0.005418172584337,0.010836345168674,0.0,0.005418172584337,0.0,0.0,0.0,0.021672690337349,0.0,0.010836345168674,0.010836345168674,0.0,0.0,0.005418172584337,0.0,0.0,0.005418172584337,0.005418172584337,0.005418172584337,0.0,0.0,0.016254517753012,0.0,0.016254517753012,0.005418172584337,0.059599898427710005,0.0,0.0,0.5502916755,0.021672690337349,0.016254517753012,0.0,0.0,0.016254517753012,0.0,0.005418172584337,0.0,0.0,0.027090862921686002,0.027090862921686002,0.0,0.0,0.0,0.0,0.021672690337349,0.0,0.070436243596385,0.0,0.0,0.010836345168674,0.021672690337349
624,0.0,0.013226715426470002,0.013226715426470002,0.0,0.0,0.0,0.0,0.0,0.0,0.0,0.0,0.013226715426470002,0.0,0.0,0.0,0.0,0.0,0.0,0.0,0.0,0.0,0.0,0.0,0.0,0.013226715426470002,0.0,0.0,0.0,0.0,0.0,0.0,0.0,0.0,0.0,0.0,0.0,0.0,0.0,0.0,0.0,0.013226715426470002,0.0,0.013226715426470002,0.0,0.013226715426470002,0.013226715426470002,0.026453430852941003,0.0,0.039680146279411,0.0,0.0,0.0,0.0,0.0,0.0,0.0,0.013226715426470002,0.0,0.0,0.0,0.0,0.0,0.0,0.0,0.052906861705882005,0.0,0.0,0.026453430852941003,0.5502916755,0.0,0.0,0.0,0.0,0.0,0.0,0.0,0.013226715426470002,0.0,0.0,0.0,0.0,0.0,0.0,0.0,0.0,0.10581372341176401,0.013226715426470002,0.0,0.039680146279411,0.013226715426470002
711,0.0,0.000587086585509,0.0032289762203,0.0,0.0014677164637720002,0.0,0.000880629878263,0.0096869286609,0.0,0.002348346342036,0.00029354329275400003,0.012915904881201002,0.0020548030492810003,0.001174173171018,0.004109606098563001,0.0,0.0,0.007338582318864001,0.000880629878263,0.002348346342036,0.013796534759464001,0.001174173171018,0.0026418896347910003,0.001174173171018,0.000880629878263,0.0,0.00029354329275400003,0.0017612597565270002,0.0035225195130540003,0.000880629878263,0.0035225195130540003,0.0035225195130540003,0.0035225195130540003,0.0026418896347910003,0.004403149391318,0.0032289762203,0.0032289762203,0.0,0.0026418896347910003,0.007925668904373,0.022309290249347,0.000587086585509,0.006164409147845,0.0026418896347910003,0.019960943907310003,0.0096869286609,0.020841573785574,0.000880629878263,0.013209448173955002,0.0014677164637720002,0.000587086585509,0.0032289762203,0.000880629878263,0.0032289762203,0.0,0.0035225195130540003,0.000587086585509,0.0,0.000587086585509,0.0,0.008219212197127,0.001174173171018,0.016144881101501002,0.0032289762203,0.028473699397193002,0.004403149391318,0.0035225195130540003,0.00029354329275400003,0.0,0.5502916755,0.008806298782637001,0.01673196768701,0.031115589031984,0.000880629878263,0.0029354329275450004,0.000880629878263,0.002348346342036,0.000880629878263,0.009980471953655002,0.0017612597565270002,0.001174173171018,0.000880629878263,0.000587086585509,0.0020548030492810003,0.000880629878263,0.008512755489882,0.006751495733355001,0.007925668904373,0.010861101831919,0.047847556718994
712,0.0,0.0023180841469070002,0.009272336587628001,0.0023180841469070002,0.0,0.0,0.0,0.013908504881443,0.0,0.0,0.0,0.04867976708505101,0.0023180841469070002,0.0,0.0023180841469070002,0.0,0.0,0.0,0.0,0.0023180841469070002,0.006954252440721001,0.0,0.0046361682938140004,0.0023180841469070002,0.0,0.0023180841469070002,0.0,0.0046361682938140004,0.0,0.0023180841469070002,0.0023180841469070002,0.0,0.0,0.0023180841469070002,0.0023180841469070002,0.0,0.0,0.0,0.0,0.023180841469072,0.039407430497422,0.0,0.0046361682938140004,0.0,0.016226589028350002,0.018544673175257,0.016226589028350002,0.0023180841469070002,0.009272336587628001,0.0023180841469070002,0.0,0.0023180841469070002,0.0,0.0,0.0,0.0,0.0023180841469070002,0.0,0.0,0.0,0.009272336587628001,0.0,0.006954252440721001,0.0023180841469070002,0.016226589028350002,0.0023180841469070002,0.0046361682938140004,0.0,0.0,0.04867976708505101,0.5502916755,0.006954252440721001,0.023180841469072,0.0046361682938140004,0.0023180841469070002,0.0,0.0,0.0023180841469070002,0.013908504881443,0.0023180841469070002,0.0023180841469070002,0.0,0.0,0.0023180841469070002,0.0023180841469070002,0.006954252440721001,0.006954252440721001,0.006954252440721001,0.0023180841469070002,0.023180841469072
713,0.0,0.0029201839253240004,0.011680735701298002,0.0,0.005840367850649001,0.0,0.0,0.070084414207792,0.0,0.0029201839253240004,0.0,0.032122023178571005,0.0,0.0029201839253240004,0.005840367850649001,0.0029201839253240004,0.0,0.0,0.0,0.0,0.0029201839253240004,0.0,0.0,0.0,0.0,0.0,0.0,0.0029201839253240004,0.0,0.0,0.0029201839253240004,0.0,0.0029201839253240004,0.0029201839253240004,0.0029201839253240004,0.0,0.0,0.0,0.0,0.005840367850649001,0.011680735701298002,0.0,0.0,0.0029201839253240004,0.011680735701298002,0.008760551775974,0.011680735701298002,0.008760551775974,0.011680735701298002,0.0,0.0,0.0,0.0,0.0,0.0,0.0,0.0,0.0,0.0,0.0,0.005840367850649001,0.0,0.008760551775974,0.0,0.0029201839253240004,0.0,0.0029201839253240004,0.0,0.0,0.11680735701298701,0.0029201839253240004,0.5502916755,0.017521103551948,0.008760551775974,0.0029201839253240004,0.0,0.005840367850649001,0.0,0.005840367850649001,0.0,0.0029201839253240004,0.0,0.0,0.0,0.005840367850649001,0.0029201839253240004,0.0,0.008760551775974,0.0029201839253240004,0.017521103551948
721,0.0,0.0,0.007412774579670001,0.0,0.0008236416199630001,0.0,0.0,0.0008236416199630001,0.0,0.0,0.0,0.016472832399267,0.0,0.0008236416199630001,0.010707341059523002,0.0,0.0,0.00247092485989,0.0008236416199630001,0.0008236416199630001,0.005765491339743,0.0016472832399260001,0.006589132959706001,0.0,0.00247092485989,0.0008236416199630001,0.0016472832399260001,0.007412774579670001,0.00494184971978,0.0,0.005765491339743,0.0008236416199630001,0.00988369943956,0.0016472832399260001,0.0032945664798530003,0.0016472832399260001,0.0032945664798530003,0.0016472832399260001,0.006589132959706001,0.021414682119047002,0.022238323739010003,0.0,0.008236416199633001,0.009060057819597001,0.020591040499084,0.016472832399267,0.028827456698717002,0.0016472832399260001,0.009060057819597001,0.0032945664798530003,0.0016472832399260001,0.0016472832399260001,0.0,0.00247092485989,0.0016472832399260001,0.0032945664798530003,0.0,0.0,0.0,0.0,0.0008236416199630001,0.0,0.006589132959706001,0.0008236416199630001,0.023061965358974,0.0032945664798530003,0.0016472832399260001,0.00247092485989,0.0008236416199630001,0.045300289097985,0.005765491339743,0.00247092485989,0.5502916755,0.020591040499084,0.0032945664798530003,0.0032945664798530003,0.004118208099816,0.0008236416199630001,0.009060057819597001,0.0,0.0032945664798530003,0.0,0.0008236416199630001,0.0016472832399260001,0.00247092485989,0.007412774579670001,0.00988369943956,0.00247092485989,0.008236416199633001,0.020591040499084
722,0.0,0.0051103218693180005,0.040882574954545,0.010220643738636001,0.0051103218693180005,0.0,0.0,0.015330965607954002,0.0,0.0,0.0051103218693180005,0.040882574954545,0.0,0.0,0.010220643738636001,0.0,0.0,0.0,0.0,0.0,0.0,0.0,0.030661931215909002,0.0051103218693180005,0.0,0.0,0.0,0.0,0.0051103218693180005,0.0,0.0,0.0,0.0,0.0051103218693180005,0.0,0.0,0.0,0.0,0.0,0.035772253085227,0.035772253085227,0.0,0.010220643738636001,0.010220643738636001,0.010220643738636001,0.010220643738636001,0.020441287477272002,0.020441287477272002,0.010220643738636001,0.0,0.0,0.0,0.0,0.0,0.0,0.0051103218693180005,0.0,0.0,0.0,0.0,0.0,0.0,0.0,0.0,0.020441287477272002,0.0,0.0,0.0,0.0,0.030661931215909002,0.0,0.0,0.035772253085227,0.5502916755,0.0,0.0,0.0051103218693180005,0.0,0.0,0.0,0.0,0.0,0.0051103218693180005,0.0,0.0,0.0,0.0,0.0,0.0051103218693180005,0.0
811,0.0,0.010105805044943001,0.002526451261235,0.0,0.010105805044943001,0.0,0.0,0.002526451261235,0.0,0.0,0.0,0.010105805044943001,0.0,0.012632256306179,0.007579353783707001,0.0,0.0,0.0,0.0,0.0,0.002526451261235,0.0,0.0,0.002526451261235,0.0,0.0,0.002526451261235,0.0,0.017685158828651,0.0,0.002526451261235,0.002526451261235,0.002526451261235,0.0,0.0,0.0,0.0,0.0,0.0,0.002526451261235,0.0,0.0,0.0,0.0,0.002526451261235,0.007579353783707001,0.002526451261235,0.002526451261235,0.0,0.002526451261235,0.012632256306179,0.007579353783707001,0.0,0.007579353783707001,0.002526451261235,0.005052902522471,0.005052902522471,0.0,0.002526451261235,0.005052902522471,0.015158707567415,0.007579353783707001,0.002526451261235,0.0,0.017685158828651,0.0,0.0,0.0,0.0,0.015158707567415,0.0,0.0,0.005052902522471,0.0,0.5502916755,0.027790963873595004,0.053055476485955,0.007579353783707001,0.015158707567415,0.007579353783707001,0.002526451261235,0.0,0.010105805044943001,0.048002573963483,0.002526451261235,0.010105805044943001,0.005052902522471,0.007579353783707001,0.010105805044943001,0.022738061351123003
812,0.0,0.0063788414822690005,0.003189420741134,0.0,0.003189420741134,0.0,0.0,0.0,0.0,0.0,0.0,0.015947103705673,0.003189420741134,0.0063788414822690005,0.019136524446808002,0.0,0.003189420741134,0.0,0.0,0.0,0.0,0.0,0.0,0.0,0.0,0.0,0.0,0.0,0.015947103705673,0.0,0.009568262223404001,0.003189420741134,0.0,0.0,0.0,0.003189420741134,0.0,0.0,0.0,0.0063788414822690005,0.003189420741134,0.0,0.003189420741134,0.0,0.003189420741134,0.003189420741134,0.0063788414822690005,0.0,0.0,0.003189420741134,0.009568262223404001,0.038273048893617004,0.003189420741134,0.019136524446808002,0.0,0.022325945187943,0.003189420741134,0.003189420741134,0.0,0.009568262223404001,0.0,0.012757682964539002,0.003189420741134,0.0,0.0063788414822690005,0.003189420741134,0.0,0.0,0.0,0.019136524446808002,0.0,0.0,0.003189420741134,0.0,0.022325945187943,0.5502916755,0.041462469634751004,0.009568262223404001,0.009568262223404001,0.012757682964539002,0.003189420741134,0.0,0.009568262223404001,0.015947103705673,0.003189420741134,0.009568262223404001,0.003189420741134,0.0,0.025515365929078004,0.0063788414822690005
813,0.0,0.013696700238578,0.0,0.0,0.0,0.0,0.0,0.004565566746192001,0.0,0.0,0.0,0.009131133492385,0.0,0.013696700238578,0.006848350119289,0.0,0.0022827833730960003,0.0,0.0,0.0022827833730960003,0.0,0.0,0.006848350119289,0.0,0.0,0.0,0.011413916865482002,0.0,0.025110617104060002,0.0,0.004565566746192001,0.0,0.0,0.004565566746192001,0.0,0.0,0.0,0.0,0.0,0.006848350119289,0.0022827833730960003,0.0,0.011413916865482002,0.0,0.0022827833730960003,0.006848350119289,0.009131133492385,0.0022827833730960003,0.0,0.011413916865482002,0.0,0.020545050357868,0.009131133492385,0.009131133492385,0.0022827833730960003,0.006848350119289,0.006848350119289,0.0,0.0,0.0022827833730960003,0.0,0.004565566746192001,0.0022827833730960003,0.0,0.015979483611675,0.0,0.0022827833730960003,0.004565566746192001,0.0,0.006848350119289,0.0,0.0,0.013696700238578,0.0,0.038807317342639,0.025110617104060002,0.5502916755,0.006848350119289,0.020545050357868,0.011413916865482002,0.0,0.0,0.006848350119289,0.009131133492385,0.004565566746192001,0.013696700238578,0.006848350119289,0.0,0.027393400477157003,0.013696700238578
814,0.0,0.0,0.004497083245,0.0,0.004497083245,0.0,0.0,0.0,0.0,0.0,0.0,0.01798833298,0.0,0.0,0.0,0.0,0.0,0.0,0.0,0.0,0.0,0.0,0.0,0.0,0.0,0.0,0.0,0.0,0.004497083245,0.0,0.0,0.0,0.004497083245,0.0,0.0,0.0,0.004497083245,0.0,0.0,0.0,0.004497083245,0.0,0.00899416649,0.0,0.0,0.0,0.004497083245,0.0,0.0,0.022485416225,0.004497083245,0.01798833298,0.004497083245,0.00899416649,0.004497083245,0.08094749841,0.01798833298,0.01798833298,0.0,0.0,0.004497083245,0.0,0.004497083245,0.0,0.004497083245,0.0,0.0,0.004497083245,0.0,0.0,0.004497083245,0.0,0.00899416649,0.0,0.004497083245,0.004497083245,0.004497083245,0.5502916755,0.03597666596,0.00899416649,0.0,0.0,0.049467915694999004,0.013491249734999001,0.0,0.026982499469999,0.0,0.0,0.01798833298,0.013491249734999001
821,0.003189420741134,0.003189420741134,0.001594710370567,0.0,0.014352393335106002,0.0,0.0,0.003189420741134,0.0,0.001594710370567,0.0,0.02392065555851,0.0,0.001594710370567,0.004784131111702001,0.0,0.0,0.0,0.001594710370567,0.0,0.001594710370567,0.001594710370567,0.0,0.0,0.001594710370567,0.0,0.001594710370567,0.001594710370567,0.007973551852836,0.0,0.001594710370567,0.003189420741134,0.004784131111702001,0.003189420741134,0.0,0.003189420741134,0.001594710370567,0.0,0.0,0.003189420741134,0.011162972593971001,0.0,0.004784131111702001,0.0,0.004784131111702001,0.012757682964539002,0.007973551852836,0.0,0.001594710370567,0.0063788414822690005,0.003189420741134,0.007973551852836,0.0063788414822690005,0.004784131111702001,0.0,0.022325945187943,0.0063788414822690005,0.001594710370567,0.001594710370567,0.0,0.009568262223404001,0.004784131111702001,0.003189420741134,0.001594710370567,0.028704786670212003,0.0,0.0,0.0,0.0,0.022325945187943,0.004784131111702001,0.0,0.011162972593971001,0.0,0.004784131111702001,0.001594710370567,0.007973551852836,0.007973551852836,0.5502916755,0.012757682964539002,0.007973551852836,0.003189420741134,0.0,0.004784131111702001,0.019136524446808002,0.017541814076241002,0.012757682964539002,0.003189420741134,0.043057180005319,0.017541814076241002
822,0.0,0.0052906861705880005,0.0052906861705880005,0.0,0.021162744682352002,0.0,0.0,0.0,0.0052906861705880005,0.0,0.0,0.021162744682352002,0.0,0.0052906861705880005,0.0,0.0,0.0,0.0,0.0,0.0,0.0,0.0,0.0,0.0,0.0,0.0,0.0,0.0,0.0052906861705880005,0.0,0.0,0.0,0.0,0.0,0.0,0.0,0.0,0.0,0.0,0.0,0.0052906861705880005,0.0,0.015872058511764,0.0,0.0,0.0052906861705880005,0.0,0.0,0.0,0.0052906861705880005,0.010581372341176001,0.015872058511764,0.0,0.0,0.0,0.015872058511764,0.010581372341176001,0.010581372341176001,0.0,0.0052906861705880005,0.0052906861705880005,0.0,0.0,0.0,0.0,0.0,0.0052906861705880005,0.010581372341176001,0.0,0.010581372341176001,0.0,0.0052906861705880005,0.0,0.0,0.010581372341176001,0.021162744682352002,0.0052906861705880005,0.015872058511764,0.047616175535294,0.5502916755,0.0,0.031744117023529,0.010581372341176001,0.0,0.0,0.0052906861705880005,0.0,0.0,0.095232351070588,0.0
823,0.0,0.0,0.0,0.0,0.0,0.0,0.0,0.0,0.0,0.0,0.0,0.0,0.0,0.0,0.0,0.0,0.0,0.0,0.0,0.0,0.0,0.0,0.0,0.0,0.0,0.0,0.0,0.0,0.0,0.013226715426470002,0.0,0.0,0.0,0.0,0.0,0.0,0.013226715426470002,0.013226715426470002,0.0,0.013226715426470002,0.026453430852941003,0.0,0.039680146279411,0.0,0.013226715426470002,0.026453430852941003,0.0,0.0,0.013226715426470002,0.013226715426470002,0.0,0.013226715426470002,0.026453430852941003,0.013226715426470002,0.0,0.0,0.0,0.0,0.0,0.0,0.0,0.0,0.0,0.0,0.0,0.052906861705882005,0.0,0.0,0.0,0.013226715426470002,0.0,0.0,0.039680146279411,0.0,0.0,0.0,0.013226715426470002,0.0,0.026453430852941003,0.0,0.5502916755,0.013226715426470002,0.0,0.026453430852941003,0.0,0.0,0.0,0.0,0.0,0.026453430852941003
911,0.0,0.007622174991525001,0.0,0.0,0.0,0.0,0.0,0.0,0.0,0.0,0.0,0.0,0.0,0.0,0.007622174991525001,0.0,0.0,0.007622174991525001,0.0,0.0,0.007622174991525001,0.0,0.0,0.0,0.0,0.0,0.0,0.0,0.0,0.0,0.0,0.0,0.0,0.0,0.0,0.0,0.007622174991525001,0.0,0.0,0.015244349983050002,0.0,0.0,0.007622174991525001,0.0,0.0,0.0,0.0,0.0,0.0,0.11433262487288101,0.007622174991525001,0.007622174991525001,0.0,0.007622174991525001,0.0,0.015244349983050002,0.0,0.0,0.0,0.0,0.0,0.0,0.0,0.0,0.015244349983050002,0.0,0.0,0.007622174991525001,0.0,0.015244349983050002,0.0,0.0,0.015244349983050002,0.0,0.007622174991525001,0.007622174991525001,0.0,0.007622174991525001,0.022866524974576002,0.030488699966101002,0.0,0.5502916755,0.015244349983050002,0.015244349983050002,0.0,0.045733049949152005,0.007622174991525001,0.0,0.007622174991525001,0.015244349983050002
912,0.0,0.011337184651260001,0.0,0.0,0.00377906155042,0.0,0.0,0.0,0.0,0.0,0.0,0.00377906155042,0.0,0.0,0.0,0.0,0.0,0.0,0.0,0.0,0.00377906155042,0.0,0.00377906155042,0.00755812310084,0.0,0.0,0.0,0.0,0.00755812310084,0.0,0.0,0.0,0.0,0.0,0.0,0.0,0.00377906155042,0.0,0.0,0.00377906155042,0.00377906155042,0.00377906155042,0.00377906155042,0.00377906155042,0.0,0.0,0.0,0.0,0.0,0.041569677054621,0.0,0.011337184651260001,0.0,0.00755812310084,0.0,0.086918415659663,0.037790615504201,0.011337184651260001,0.0,0.0,0.00377906155042,0.0,0.0,0.00377906155042,0.00755812310084,0.00377906155042,0.0,0.0,0.0,0.01511624620168,0.0,0.0,0.00755812310084,0.0,0.0,0.01511624620168,0.00755812310084,0.041569677054621,0.022674369302521,0.00755812310084,0.0,0.00755812310084,0.5502916755,0.00755812310084,0.0,0.011337184651260001,0.00377906155042,0.0,0.011337184651260001,0.011337184651260001
913,0.0,0.0,0.004784131111702001,0.0,0.0023920655558510003,0.0,0.0,0.0,0.0,0.0,0.0,0.004784131111702001,0.0,0.0023920655558510003,0.0,0.0,0.0,0.0,0.0,0.0,0.0023920655558510003,0.0,0.0,0.0,0.0,0.0,0.0,0.0,0.0,0.0,0.0,0.0,0.0,0.0023920655558510003,0.0,0.0,0.004784131111702001,0.0,0.0,0.0,0.004784131111702001,0.0,0.0,0.0,0.009568262223404001,0.0,0.0023920655558510003,0.0,0.004784131111702001,0.0023920655558510003,0.0,0.016744458890957003,0.011960327779255,0.009568262223404001,0.0,0.019136524446808002,0.007176196667553001,0.0023920655558510003,0.0023920655558510003,0.0023920655558510003,0.011960327779255,0.0023920655558510003,0.004784131111702001,0.0023920655558510003,0.019136524446808002,0.0,0.0,0.007176196667553001,0.0023920655558510003,0.026312721114361,0.0023920655558510003,0.0023920655558510003,0.0023920655558510003,0.0,0.033488917781914006,0.016744458890957003,0.026312721114361,0.004784131111702001,0.026312721114361,0.009568262223404001,0.0,0.004784131111702001,0.004784131111702001,0.5502916755,0.011960327779255,0.028704786670212003,0.014352393335106002,0.004784131111702001,0.035880983337765,0.02392065555851
921,0.0,0.0,0.0,0.0,0.003459294803846,0.0,0.0,0.0,0.0,0.0,0.0,0.010377884411538,0.0,0.0,0.003459294803846,0.0,0.0,0.0,0.0,0.0,0.010377884411538,0.0,0.0,0.0,0.003459294803846,0.0,0.0,0.0,0.003459294803846,0.0,0.003459294803846,0.003459294803846,0.003459294803846,0.010377884411538,0.013837179215384,0.0,0.0,0.0,0.0,0.003459294803846,0.003459294803846,0.0,0.0,0.020755768823076,0.006918589607692,0.020755768823076,0.027674358430769003,0.0,0.006918589607692,0.003459294803846,0.0,0.003459294803846,0.0,0.003459294803846,0.0,0.010377884411538,0.0,0.0,0.0,0.0,0.006918589607692,0.003459294803846,0.020755768823076,0.006918589607692,0.010377884411538,0.003459294803846,0.0,0.0,0.0,0.041511537646153,0.0,0.003459294803846,0.003459294803846,0.0,0.010377884411538,0.006918589607692,0.013837179215384,0.003459294803846,0.031133653234615002,0.003459294803846,0.003459294803846,0.0,0.006918589607692,0.010377884411538,0.5502916755,0.017296474019230002,0.003459294803846,0.013837179215384,0.010377884411538,0.034592948038461004
923,0.0,0.0,0.0,0.0,0.0,0.0,0.00118344295921,0.0,0.0,0.0023668859184210003,0.0023668859184210003,0.0047337718368420005,0.0,0.0,0.003550328877631,0.0,0.0,0.0,0.0,0.0023668859184210003,0.010650986632894,0.0,0.00118344295921,0.00118344295921,0.0,0.00118344295921,0.00118344295921,0.0,0.003550328877631,0.00118344295921,0.00118344295921,0.0,0.007100657755263,0.0,0.00118344295921,0.0,0.00118344295921,0.0,0.0,0.00118344295921,0.0023668859184210003,0.0,0.00118344295921,0.0023668859184210003,0.0047337718368420005,0.0023668859184210003,0.009467543673684001,0.0,0.0047337718368420005,0.0023668859184210003,0.0,0.0,0.0023668859184210003,0.0,0.0,0.003550328877631,0.00118344295921,0.00118344295921,0.0,0.0,0.011834429592105001,0.003550328877631,0.018935087347368002,0.005917214796052001,0.067456248675,0.003550328877631,0.0023668859184210003,0.020118530306578,0.007100657755263,0.035503288776315,0.0023668859184210003,0.0,0.014201315510526,0.0,0.005917214796052001,0.0047337718368420005,0.007100657755263,0.0,0.016568201428947,0.0023668859184210003,0.0,0.003550328877631,0.005917214796052001,0.017751644388157,0.00118344295921,0.5502916755,0.017751644388157,0.0047337718368420005,0.020118530306578,0.062722476838157
924,0.0,0.0,0.00229443022704,0.0,0.0,0.0,0.0,0.0,0.0,0.00229443022704,0.0,0.006883290681122,0.0,0.0,0.004588860454081,0.0,0.0,0.0,0.0,0.0,0.00229443022704,0.00229443022704,0.0,0.0,0.0,0.0,0.0,0.0,0.00229443022704,0.0,0.006883290681122,0.00229443022704,0.013766581362244,0.027533162724489003,0.00229443022704,0.00229443022704,0.00229443022704,0.0,0.004588860454081,0.004588860454081,0.009177720908163,0.00229443022704,0.009177720908163,0.0,0.020649872043367,0.009177720908163,0.020649872043367,0.00229443022704,0.006883290681122,0.006883290681122,0.0,0.00229443022704,0.00229443022704,0.00229443022704,0.0,0.004588860454081,0.0,0.0,0.00229443022704,0.004588860454081,0.00229443022704,0.0,0.05965518590306101,0.00229443022704,0.020649872043367,0.011472151135204,0.0,0.006883290681122,0.00229443022704,0.025238732497448003,0.009177720908163,0.0,0.013766581362244,0.0,0.0,0.00229443022704,0.00229443022704,0.004588860454081,0.011472151135204,0.00229443022704,0.00229443022704,0.0,0.0,0.006883290681122,0.006883290681122,0.013766581362244,0.5502916755,0.00229443022704,0.009177720908163,0.036710883632653006
925,0.0,0.0,0.0,0.0,0.0,0.0,0.0,0.004015252897321,0.0,0.0,0.0,0.004015252897321,0.0,0.0,0.004015252897321,0.0,0.0,0.0,0.0,0.0,0.0,0.0,0.0,0.0,0.004015252897321,0.0,0.0,0.0,0.004015252897321,0.0,0.004015252897321,0.0,0.0,0.004015252897321,0.0,0.0,0.0,0.0,0.004015252897321,0.004015252897321,0.008030505794642,0.0,0.004015252897321,0.0,0.024091517383928,0.004015252897321,0.012045758691964,0.004015252897321,0.004015252897321,0.004015252897321,0.0,0.0,0.0,0.004015252897321,0.0,0.004015252897321,0.0,0.0,0.0,0.0,0.004015252897321,0.0,0.012045758691964,0.004015252897321,0.008030505794642,0.0,0.0,0.004015252897321,0.0,0.112427081125,0.020076264486607,0.008030505794642,0.016061011589285003,0.0,0.0,0.012045758691964,0.004015252897321,0.004015252897321,0.012045758691964,0.004015252897321,0.0,0.0,0.0,0.012045758691964,0.004015252897321,0.016061011589285003,0.012045758691964,0.5502916755,0.024091517383928,0.04818303476785701
926,0.0,0.0030801940034240003,0.0,0.0,0.007700485008561001,0.0,0.0,0.0015400970017120002,0.0,0.0030801940034240003,0.0,0.012320776013698001,0.0,0.0,0.0015400970017120002,0.0,0.0,0.0030801940034240003,0.0,0.0,0.0030801940034240003,0.0,0.0015400970017120002,0.0,0.0,0.0,0.0,0.0015400970017120002,0.007700485008561001,0.0,0.0046202910051360005,0.0015400970017120002,0.0015400970017120002,0.006160388006849001,0.0030801940034240003,0.0015400970017120002,0.0030801940034240003,0.0,0.0,0.0030801940034240003,0.0046202910051360005,0.0,0.0046202910051360005,0.0030801940034240003,0.006160388006849001,0.036962328041095005,0.015400970017123001,0.0,0.0030801940034240003,0.0015400970017120002,0.0030801940034240003,0.0046202910051360005,0.0046202910051360005,0.0030801940034240003,0.0,0.006160388006849001,0.0015400970017120002,0.0,0.0,0.0,0.0046202910051360005,0.0,0.0030801940034240003,0.0015400970017120002,0.01386087301541,0.0,0.0,0.0030801940034240003,0.0,0.027721746030821,0.0015400970017120002,0.0015400970017120002,0.012320776013698001,0.0,0.009240582010273,0.010780679011986,0.023101455025684003,0.0030801940034240003,0.053903395059931004,0.026181649029109,0.0030801940034240003,0.0030801940034240003,0.0030801940034240003,0.016941067018835,0.0030801940034240003,0.016941067018835,0.010780679011986,0.0015400970017120002,0.5502916755,0.026181649029109
927,0.00034094641736100005,0.00034094641736100005,0.0027275713388930003,0.0,0.000681892834723,0.000681892834723,0.0,0.0027275713388930003,0.00034094641736100005,0.013978803111827,0.0,0.007159874764594,0.003068517756254,0.0027275713388930003,0.004091357008339,0.00034094641736100005,0.0,0.001704732086808,0.000681892834723,0.004432303425701001,0.012274071025018,0.0010228392520840002,0.0037504105909780005,0.0010228392520840002,0.0010228392520840002,0.0,0.000681892834723,0.001704732086808,0.003068517756254,0.00034094641736100005,0.004432303425701001,0.001704732086808,0.006818928347232,0.0027275713388930003,0.007159874764594,0.0023866249215310003,0.0037504105909780005,0.00034094641736100005,0.001363785669446,0.006818928347232,0.009546499686125,0.0,0.007500821181956001,0.0010228392520840002,0.009546499686125,0.009205553268764,0.017047320868081,0.0027275713388930003,0.016365428033358,0.0037504105909780005,0.0010228392520840002,0.0023866249215310003,0.001704732086808,0.0023866249215310003,0.0,0.0027275713388930003,0.001704732086808,0.00034094641736100005,0.0,0.000681892834723,0.032389909649355,0.0023866249215310003,0.013637856694465001,0.0037504105909780005,0.030344231145185002,0.007500821181956001,0.007841767599317,0.001704732086808,0.0010228392520840002,0.063416033629264,0.0023866249215310003,0.0037504105909780005,0.020456785041698,0.000681892834723,0.0057960890951470005,0.001363785669446,0.0010228392520840002,0.000681892834723,0.007159874764594,0.00034094641736100005,0.000681892834723,0.001704732086808,0.0010228392520840002,0.0037504105909780005,0.0027275713388930003,0.016706374450720003,0.004091357008339,0.0054551426777860006,0.007841767599317,0.5502916755
